fileName,focalLength,dwc_georeferenceRemarks,dwc_decimalLatitude,dwc_decimalLongitude,geo_alt,exif_PixelXDimension,exif_PixelYDimension,dwc_occurrenceRemarks,dwc_geodeticDatum,dwc_coordinateUncertaintyInMeters,dwc_locality,dwc_countryCode,dwc_stateProvince,dwc_county,dwc_informationWithheld,dwc_dataGeneralizations,dwc_continent,geonamesAdmin,geonamesOther,dcterms_identifier,dcterms_modified,dcterms_title,dcterms_description,ac_caption,photographerCode,dcterms_created,photoshop_Credit,owner,dc_rights,xmpRights_Owner,ac_attributionLinkURL,usageTermsIndex,view,xmp_Rating,foaf_depicts,suppress
pist--cofemale-dist10225.jpg,50,Location determined by separate GPS measurement.,-9999,-9999,-9999,1440,960,,EPSG:4326,10,"Keri Drive, Pleasant View",US,Tennessee,Cheatham,Precision of coordinates reduced due to Tennessee threatened status.,GPS coordinates rounded to nearest 0.01 degree.,NA,4612891,,http://bioimages.vanderbilt.edu/baskauf/10225,2013-11-14T21:49:21-05:00,Pinus strobus (Pinaceae) - cone - female - mature open,Image of Pinus strobus (Pinaceae) - cone - female - mature open,,baskauf,2001-11-19T12:44:20-05:00,Steven J. Baskauf http://bioimages.vanderbilt.edu/,baskauf,(c) 2001 Steven J. Baskauf,Steven J. Baskauf,http://bioimages.vanderbilt.edu/baskauf/10225.htm,4,#030502,4,http://bioimages.vanderbilt.edu/ind-baskauf/10225,0
pist--comale11091.jpg,50,Location determined by separate GPS measurement.,-9999,-9999,-9999,1440,2160,,EPSG:4326,10,"Keri Drive, Pleasant View",US,Tennessee,Cheatham,Precision of coordinates reduced due to Tennessee threatened status.,GPS coordinates rounded to nearest 0.01 degree.,NA,4612891,,http://bioimages.vanderbilt.edu/baskauf/11091,2013-11-14T21:49:22-05:00,Pinus strobus (Pinaceae) - cone - male,Image of Pinus strobus (Pinaceae) - cone - male,,baskauf,2002-05-16T18:42:45-05:00,Steven J. Baskauf http://bioimages.vanderbilt.edu/,baskauf,(c) 2010 Steven J. Baskauf,Steven J. Baskauf,http://bioimages.vanderbilt.edu/baskauf/11091.htm,4,#030501,4,http://bioimages.vanderbilt.edu/ind-baskauf/10225,0
pist--lffascicles11093.jpg,50,Location determined by separate GPS measurement.,-9999,-9999,-9999,2160,1440,,EPSG:4326,10,"Keri Drive, Pleasant View",US,Tennessee,Cheatham,Precision of coordinates reduced due to Tennessee threatened status.,GPS coordinates rounded to nearest 0.01 degree.,NA,4612891,,http://bioimages.vanderbilt.edu/baskauf/11093,2013-03-23T16:31:03-05:00,Pinus strobus (Pinaceae) - leaf - entire needle,Image of Pinus strobus (Pinaceae) - leaf - entire needle,,baskauf,2002-05-16T18:44:38-05:00,Steven J. Baskauf http://bioimages.vanderbilt.edu/,baskauf,(c) 2010 Steven J. Baskauf,Steven J. Baskauf,http://bioimages.vanderbilt.edu/baskauf/11093.htm,4,#030401,4,http://bioimages.vanderbilt.edu/ind-baskauf/10225,0
pist--br11094.jpg,50,Location determined by separate GPS measurement.,-9999,-9999,-9999,1440,2160,,EPSG:4326,10,"Keri Drive, Pleasant View",US,Tennessee,Cheatham,Precision of coordinates reduced due to Tennessee threatened status.,GPS coordinates rounded to nearest 0.01 degree.,NA,4612891,,http://bioimages.vanderbilt.edu/baskauf/11094,2013-11-14T21:49:23-05:00,Pinus strobus (Pinaceae) - bark - of a medium tree or large branch,Image of Pinus strobus (Pinaceae) - bark - of a medium tree or large branch,,baskauf,2002-05-16T18:45:25-05:00,Steven J. Baskauf http://bioimages.vanderbilt.edu/,baskauf,(c) 2010 Steven J. Baskauf,Steven J. Baskauf,http://bioimages.vanderbilt.edu/baskauf/11094.htm,4,#030202,4,http://bioimages.vanderbilt.edu/ind-baskauf/10225,0
pist--wp15662.jpg,50,Location determined by separate GPS measurement.,-9999,-9999,-9999,1440,2160,,EPSG:4326,10,"Keri Drive, Pleasant View",US,Tennessee,Cheatham,Precision of coordinates reduced due to Tennessee threatened status.,GPS coordinates rounded to nearest 0.01 degree.,NA,4612891,,http://bioimages.vanderbilt.edu/baskauf/15662,2013-11-14T21:49:24-05:00,Pinus strobus (Pinaceae) - whole tree - general,Image of Pinus strobus (Pinaceae) - whole tree - general,,baskauf,2002-09-17T17:25:56-05:00,Steven J. Baskauf http://bioimages.vanderbilt.edu/,baskauf,(c) 2002 Steven J. Baskauf,Steven J. Baskauf,http://bioimages.vanderbilt.edu/baskauf/15662.htm,4,#030101,5,http://bioimages.vanderbilt.edu/ind-baskauf/10225,0
pist--lfcloseup15663.jpg,50,Location determined by separate GPS measurement.,-9999,-9999,-9999,1440,2160,,EPSG:4326,10,"Keri Drive, Pleasant View",US,Tennessee,Cheatham,Precision of coordinates reduced due to Tennessee threatened status.,GPS coordinates rounded to nearest 0.01 degree.,NA,4612891,,http://bioimages.vanderbilt.edu/baskauf/15663,2013-11-14T21:49:24-05:00,Pinus strobus (Pinaceae) - leaf - entire needle,Image of Pinus strobus (Pinaceae) - leaf - entire needle,,baskauf,2002-09-17T17:26:34-05:00,Steven J. Baskauf http://bioimages.vanderbilt.edu/,baskauf,(c) 2002 Steven J. Baskauf,Steven J. Baskauf,http://bioimages.vanderbilt.edu/baskauf/15663.htm,4,#030401,5,http://bioimages.vanderbilt.edu/ind-baskauf/10225,0
0140-01-01.jpg,105,Location of individual determined by an independent GPS measurement.,-9999,-9999,-9999,2592,3872,,EPSG:4326,20,Stone Cemetary Rd. at ford,US,Arkansas,Searcy,,,NA,4130432,,http://bioimages.vanderbilt.edu/thomas/0140-01-01,2014-05-15T07:40:46-05:00,Ageratina altissima (Asteraceae) - whole plant - in flower - general view,Image of Ageratina altissima (Asteraceae) - whole plant - in flower - general view,,thomas,2007-10-14T17:04:23-05:00,Ron Thomas http://wildflowerlense.com/,thomas,(c) 2013 Ron Thomas,Ron Thomas,http://bioimages.vanderbilt.edu/thomas/0140-01-01.htm,4,#020102,5,http://bioimages.vanderbilt.edu/thomas/0140-01,0
0140-01-02.jpg,105,Location of individual determined by an independent GPS measurement.,-9999,-9999,-9999,2592,3888,,EPSG:4326,20,Stone Cemetary Rd. at ford,US,Arkansas,Searcy,,,NA,4130432,,http://bioimages.vanderbilt.edu/thomas/0140-01-02,2014-05-15T07:40:50-05:00,Ageratina altissima (Asteraceae) - leaf - on upper stem,Image of Ageratina altissima (Asteraceae) - leaf - on upper stem,,thomas,2007-10-14T17:08:02-05:00,Ron Thomas http://wildflowerlense.com/,thomas,(c) 2013 Ron Thomas,Ron Thomas,http://bioimages.vanderbilt.edu/thomas/0140-01-02.htm,4,#020302,5,http://bioimages.vanderbilt.edu/thomas/0140-01,0
0140-01-03.jpg,105,Location of individual determined by an independent GPS measurement.,-9999,-9999,-9999,2592,2968,,EPSG:4326,20,Stone Cemetary Rd. at ford,US,Arkansas,Searcy,,,NA,4130432,,http://bioimages.vanderbilt.edu/thomas/0140-01-03,2014-05-15T07:40:51-05:00,Ageratina altissima (Asteraceae) - inflorescence - frontal view of flower,Image of Ageratina altissima (Asteraceae) - inflorescence - frontal view of flower,,thomas,2007-10-14T16:45:29-05:00,Ron Thomas http://wildflowerlense.com/,thomas,(c) 2013 Ron Thomas,Ron Thomas,http://bioimages.vanderbilt.edu/thomas/0140-01-03.htm,4,#020405,5,http://bioimages.vanderbilt.edu/thomas/0140-01,0
0140-01-04.jpg,105,Location of individual determined by an independent GPS measurement.,-9999,-9999,-9999,2592,3872,,EPSG:4326,20,Stone Cemetary Rd. at ford,US,Arkansas,Searcy,,,NA,4130432,,http://bioimages.vanderbilt.edu/thomas/0140-01-04,2014-05-15T07:40:51-05:00,Ageratina altissima (Asteraceae) - inflorescence - whole - unspecified,Image of Ageratina altissima (Asteraceae) - inflorescence - whole - unspecified,,thomas,2007-10-14T17:02:14-05:00,Ron Thomas http://wildflowerlense.com/,thomas,(c) 2013 Ron Thomas,Ron Thomas,http://bioimages.vanderbilt.edu/thomas/0140-01-04.htm,4,#020401,5,http://bioimages.vanderbilt.edu/thomas/0140-01,0
0140-01-05.jpg,105,Location of individual determined by an independent GPS measurement.,-9999,-9999,-9999,2218,3872,,EPSG:4326,20,Stone Cemetary Rd. at ford,US,Arkansas,Searcy,,,NA,4130432,,http://bioimages.vanderbilt.edu/thomas/0140-01-05,2014-05-15T07:40:51-05:00,Ageratina altissima (Asteraceae) - leaf - basal or on lower stem,Image of Ageratina altissima (Asteraceae) - leaf - basal or on lower stem,,thomas,2007-10-14T17:07:43-05:00,Ron Thomas http://wildflowerlense.com/,thomas,(c) 2013 Ron Thomas,Ron Thomas,http://bioimages.vanderbilt.edu/thomas/0140-01-05.htm,4,#020301,5,http://bioimages.vanderbilt.edu/thomas/0140-01,0
0140-01-06.jpg,105,Location of individual determined by an independent GPS measurement.,-9999,-9999,-9999,2890,1927,,EPSG:4326,20,Stone Cemetary Rd. at ford,US,Arkansas,Searcy,,,NA,4130432,,http://bioimages.vanderbilt.edu/thomas/0140-01-06,2014-05-15T07:40:52-05:00,Ageratina altissima (Asteraceae) - inflorescence - ventral view of flower + perianth,Image of Ageratina altissima (Asteraceae) - inflorescence - ventral view of flower + perianth,,thomas,2007-10-14T17:09:39-05:00,Ron Thomas http://wildflowerlense.com/,thomas,(c) 2013 Ron Thomas,Ron Thomas,http://bioimages.vanderbilt.edu/thomas/0140-01-06.htm,4,#020406,5,http://bioimages.vanderbilt.edu/thomas/0140-01,0
0140-01-07.jpg,105,Location of individual determined by an independent GPS measurement.,-9999,-9999,-9999,2026,2592,,EPSG:4326,20,Stone Cemetary Rd. at ford,US,Arkansas,Searcy,,,NA,4130432,,http://bioimages.vanderbilt.edu/thomas/0140-01-07,2014-05-15T07:40:54-05:00,Ageratina altissima (Asteraceae) - stem - showing leaf bases,Image of Ageratina altissima (Asteraceae) - stem - showing leaf bases,,thomas,2007-10-14T17:10:07-05:00,Ron Thomas http://wildflowerlense.com/,thomas,(c) 2013 Ron Thomas,Ron Thomas,http://bioimages.vanderbilt.edu/thomas/0140-01-07.htm,4,#020201,5,http://bioimages.vanderbilt.edu/thomas/0140-01,0
em2534.jpg,6.3,Location determined from Google maps.,36.06671,-79.80736,252,2736,3648,,EPSG:4326,5,Campus of the University of North Carolina at Greensboro,US,North Carolina,Guilford,,,NA,4469393,4496357,http://bioimages.vanderbilt.edu/kirchoff/em2534,2013-11-14T21:42:41-05:00,Quercus shumardii (Fagaceae) - whole tree (or vine) - general,Image of Quercus shumardii (Fagaceae) - whole tree (or vine) - general,,masone,2010-10-19T12:11:38-04:00,Bruce K. Kirchoff http://www.uncg.edu/~kirchoff,kirchoff,(c) 2011 Bruce K. Kirchoff,Bruce K. Kirchoff,http://bioimages.vanderbilt.edu/kirchoff/em2534.htm,4,#010101,5,http://bioimages.vanderbilt.edu/uncg/39,0
em2535.jpg,6.3,Location determined from Google maps.,36.06671,-79.80736,252,2736,3648,,EPSG:4326,5,Campus of the University of North Carolina at Greensboro,US,North Carolina,Guilford,,,NA,4469393,4496357,http://bioimages.vanderbilt.edu/kirchoff/em2535,2013-11-14T21:42:41-05:00,Quercus shumardii (Fagaceae) - bark - of a large tree,Image of Quercus shumardii (Fagaceae) - bark - of a large tree,,masone,2010-10-19T12:12:11-04:00,Bruce K. Kirchoff http://www.uncg.edu/~kirchoff,kirchoff,(c) 2011 Bruce K. Kirchoff,Bruce K. Kirchoff,http://bioimages.vanderbilt.edu/kirchoff/em2535.htm,4,#010201,5,http://bioimages.vanderbilt.edu/uncg/39,0
em2538.jpg,6.3,Location determined from Google maps.,36.06671,-79.80736,252,3648,2736,,EPSG:4326,5,Campus of the University of North Carolina at Greensboro,US,North Carolina,Guilford,,,NA,4469393,4496357,http://bioimages.vanderbilt.edu/kirchoff/em2538,2013-11-14T21:42:41-05:00,Quercus shumardii (Fagaceae) - leaf - showing orientation on twig,Image of Quercus shumardii (Fagaceae) - leaf - showing orientation on twig,,masone,2010-10-19T12:13:33-04:00,Bruce K. Kirchoff http://www.uncg.edu/~kirchoff,kirchoff,(c) 2011 Bruce K. Kirchoff,Bruce K. Kirchoff,http://bioimages.vanderbilt.edu/kirchoff/em2538.htm,4,#010403,5,http://bioimages.vanderbilt.edu/uncg/39,0
em2539.jpg,6.3,Location determined from Google maps.,36.06671,-79.80736,252,3648,2736,,EPSG:4326,5,Campus of the University of North Carolina at Greensboro,US,North Carolina,Guilford,,,NA,4469393,4496357,http://bioimages.vanderbilt.edu/kirchoff/em2539,2013-11-14T21:42:41-05:00,Quercus shumardii (Fagaceae) - leaf - showing orientation on twig,Image of Quercus shumardii (Fagaceae) - leaf - showing orientation on twig,,masone,2010-10-19T12:15:25-04:00,Bruce K. Kirchoff http://www.uncg.edu/~kirchoff,kirchoff,(c) 2011 Bruce K. Kirchoff,Bruce K. Kirchoff,http://bioimages.vanderbilt.edu/kirchoff/em2539.htm,4,#010403,5,http://bioimages.vanderbilt.edu/uncg/39,0
em2542.jpg,6.3,Location determined from Google maps.,36.06671,-79.80736,252,3648,2736,,EPSG:4326,5,Campus of the University of North Carolina at Greensboro,US,North Carolina,Guilford,,,NA,4469393,4496357,http://bioimages.vanderbilt.edu/kirchoff/em2542,2013-11-14T21:42:41-05:00,Quercus shumardii (Fagaceae) - twig - orientation of petioles,Image of Quercus shumardii (Fagaceae) - twig - orientation of petioles,,masone,2010-10-19T12:16:40-04:00,Bruce K. Kirchoff http://www.uncg.edu/~kirchoff,kirchoff,(c) 2011 Bruce K. Kirchoff,Bruce K. Kirchoff,http://bioimages.vanderbilt.edu/kirchoff/em2542.htm,4,#010301,5,http://bioimages.vanderbilt.edu/uncg/39,0
em2544.jpg,6.3,Location determined from Google maps.,36.06671,-79.80736,252,2736,3648,,EPSG:4326,5,Campus of the University of North Carolina at Greensboro,US,North Carolina,Guilford,,,NA,4469393,4496357,http://bioimages.vanderbilt.edu/kirchoff/em2544,2013-11-14T21:42:41-05:00,Quercus shumardii (Fagaceae) - leaf - whole upper surface,Image of Quercus shumardii (Fagaceae) - leaf - whole upper surface,,masone,2010-10-19T12:17:32-04:00,Bruce K. Kirchoff http://www.uncg.edu/~kirchoff,kirchoff,(c) 2011 Bruce K. Kirchoff,Bruce K. Kirchoff,http://bioimages.vanderbilt.edu/kirchoff/em2544.htm,4,#010401,5,http://bioimages.vanderbilt.edu/uncg/39,0
em2545.jpg,6.3,Location determined from Google maps.,36.06671,-79.80736,252,2736,3648,,EPSG:4326,5,Campus of the University of North Carolina at Greensboro,US,North Carolina,Guilford,,,NA,4469393,4496357,http://bioimages.vanderbilt.edu/kirchoff/em2545,2013-11-14T21:42:41-05:00,Quercus shumardii (Fagaceae) - leaf - whole upper surface,Image of Quercus shumardii (Fagaceae) - leaf - whole upper surface,,masone,2010-10-19T12:18:10-04:00,Bruce K. Kirchoff http://www.uncg.edu/~kirchoff,kirchoff,(c) 2011 Bruce K. Kirchoff,Bruce K. Kirchoff,http://bioimages.vanderbilt.edu/kirchoff/em2545.htm,4,#010401,5,http://bioimages.vanderbilt.edu/uncg/39,0
em2547.jpg,6.3,Location determined from Google maps.,36.06671,-79.80736,252,2736,3648,,EPSG:4326,5,Campus of the University of North Carolina at Greensboro,US,North Carolina,Guilford,,,NA,4469393,4496357,http://bioimages.vanderbilt.edu/kirchoff/em2547,2013-11-14T21:42:41-05:00,Quercus shumardii (Fagaceae) - leaf - whole upper surface,Image of Quercus shumardii (Fagaceae) - leaf - whole upper surface,,masone,2010-10-19T12:18:53-04:00,Bruce K. Kirchoff http://www.uncg.edu/~kirchoff,kirchoff,(c) 2011 Bruce K. Kirchoff,Bruce K. Kirchoff,http://bioimages.vanderbilt.edu/kirchoff/em2547.htm,4,#010401,5,http://bioimages.vanderbilt.edu/uncg/39,0
em2548.jpg,6.3,Location determined from Google maps.,36.06671,-79.80736,252,2736,3648,,EPSG:4326,5,Campus of the University of North Carolina at Greensboro,US,North Carolina,Guilford,,,NA,4469393,4496357,http://bioimages.vanderbilt.edu/kirchoff/em2548,2013-11-14T21:42:41-05:00,Quercus shumardii (Fagaceae) - leaf - whole upper surface,Image of Quercus shumardii (Fagaceae) - leaf - whole upper surface,,masone,2010-10-19T12:19:27-04:00,Bruce K. Kirchoff http://www.uncg.edu/~kirchoff,kirchoff,(c) 2011 Bruce K. Kirchoff,Bruce K. Kirchoff,http://bioimages.vanderbilt.edu/kirchoff/em2548.htm,4,#010401,5,http://bioimages.vanderbilt.edu/uncg/39,0
em2549.jpg,-9999,Location determined from Google maps.,36.06671,-79.80736,252,3648,2736,,EPSG:4326,5,Campus of the University of North Carolina at Greensboro,US,North Carolina,Guilford,,,NA,4469393,4496357,http://bioimages.vanderbilt.edu/kirchoff/em2549,2013-11-14T21:42:41-05:00,Quercus shumardii (Fagaceae) - leaf - margin of upper + lower surface,Image of Quercus shumardii (Fagaceae) - leaf - margin of upper + lower surface,,masone,2010-10-19T12:20:01-04:00,Bruce K. Kirchoff http://www.uncg.edu/~kirchoff,kirchoff,(c) 2011 Bruce K. Kirchoff,Bruce K. Kirchoff,http://bioimages.vanderbilt.edu/kirchoff/em2549.htm,4,#010402,5,http://bioimages.vanderbilt.edu/uncg/39,0
em2552.jpg,-9999,Location determined from Google maps.,36.06671,-79.80736,252,3648,2736,,EPSG:4326,5,Campus of the University of North Carolina at Greensboro,US,North Carolina,Guilford,,,NA,4469393,4496357,http://bioimages.vanderbilt.edu/kirchoff/em2552,2013-11-14T21:42:41-05:00,Quercus shumardii (Fagaceae) - leaf - margin of upper + lower surface,Image of Quercus shumardii (Fagaceae) - leaf - margin of upper + lower surface,,masone,2010-10-19T12:21:30-04:00,Bruce K. Kirchoff http://www.uncg.edu/~kirchoff,kirchoff,(c) 2011 Bruce K. Kirchoff,Bruce K. Kirchoff,http://bioimages.vanderbilt.edu/kirchoff/em2552.htm,4,#010402,5,http://bioimages.vanderbilt.edu/uncg/39,0
em2553.jpg,-9999,Location determined from Google maps.,36.06671,-79.80736,252,2736,3648,,EPSG:4326,5,Campus of the University of North Carolina at Greensboro,US,North Carolina,Guilford,,,NA,4469393,4496357,http://bioimages.vanderbilt.edu/kirchoff/em2553,2013-11-14T21:42:41-05:00,Quercus shumardii (Fagaceae) - fruit - lateral or general close-up,Image of Quercus shumardii (Fagaceae) - fruit - lateral or general close-up,,masone,2010-10-19T12:21:59-04:00,Bruce K. Kirchoff http://www.uncg.edu/~kirchoff,kirchoff,(c) 2011 Bruce K. Kirchoff,Bruce K. Kirchoff,http://bioimages.vanderbilt.edu/kirchoff/em2553.htm,4,#010602,5,http://bioimages.vanderbilt.edu/uncg/39,0
em2555.jpg,6.3,Location determined from Google maps.,36.06671,-79.80736,252,3648,2736,,EPSG:4326,5,Campus of the University of North Carolina at Greensboro,US,North Carolina,Guilford,,,NA,4469393,4496357,http://bioimages.vanderbilt.edu/kirchoff/em2555,2013-11-14T21:42:41-05:00,Quercus shumardii (Fagaceae) - fruit - lateral or general close-up,Image of Quercus shumardii (Fagaceae) - fruit - lateral or general close-up,,masone,2010-10-19T12:22:24-04:00,Bruce K. Kirchoff http://www.uncg.edu/~kirchoff,kirchoff,(c) 2011 Bruce K. Kirchoff,Bruce K. Kirchoff,http://bioimages.vanderbilt.edu/kirchoff/em2555.htm,4,#010602,5,http://bioimages.vanderbilt.edu/uncg/39,0
em2556.jpg,-9999,Location determined from Google maps.,36.06671,-79.80736,252,2736,3648,,EPSG:4326,5,Campus of the University of North Carolina at Greensboro,US,North Carolina,Guilford,,,NA,4469393,4496357,http://bioimages.vanderbilt.edu/kirchoff/em2556,2013-11-14T21:42:41-05:00,Quercus shumardii (Fagaceae) - fruit - lateral or general close-up,Image of Quercus shumardii (Fagaceae) - fruit - lateral or general close-up,,masone,2010-10-19T12:22:53-04:00,Bruce K. Kirchoff http://www.uncg.edu/~kirchoff,kirchoff,(c) 2011 Bruce K. Kirchoff,Bruce K. Kirchoff,http://bioimages.vanderbilt.edu/kirchoff/em2556.htm,4,#010602,5,http://bioimages.vanderbilt.edu/uncg/39,0
em2557.jpg,-9999,Location determined from Google maps.,36.06671,-79.80736,252,2736,3648,,EPSG:4326,5,Campus of the University of North Carolina at Greensboro,US,North Carolina,Guilford,,,NA,4469393,4496357,http://bioimages.vanderbilt.edu/kirchoff/em2557,2017-11-14T21:42:41-05:00,Quercus shumardii (Fagaceae) - fruit - lateral or general close-up,Image of Quercus shumardii (Fagaceae) - fruit - lateral or general close-up,,masone,2010-10-19T12:23:00-04:00,Bruce K. Kirchoff http://www.uncg.edu/~kirchoff,kirchoff,(c) 2011 Bruce K. Kirchoff,Bruce K. Kirchoff,http://bioimages.vanderbilt.edu/kirchoff/em2557.htm,4,#010602,5,http://bioimages.vanderbilt.edu/uncg/39,0
quve--twbud-micro12316.jpg,50,Location of individual determined from GIS database.,-9999,-9999,-9999,1440,2160,,EPSG:4326,10,"Vanderbilt University, Nashville",US,Tennessee,Davidson,,,NA,4617305,4664532,http://bioimages.vanderbilt.edu/baskauf/12316,2014-03-23T16:31:08-05:00,Quercus velutina (Fagaceae) - twig - unspecified,Image of Quercus velutina (Fagaceae) - twig - unspecified,Note blond hair on buds.,baskauf,2002-06-25T14:44:18-05:00,Steven J. Baskauf http://bioimages.vanderbilt.edu/,baskauf,(c) 2002 Steven J. Baskauf,Steven J. Baskauf,http://bioimages.vanderbilt.edu/baskauf/12316.htm,4,#010300,5,http://bioimages.vanderbilt.edu/vanderbilt/7-313,0
quve--wplarge12424.jpg,50,Location of individual determined from GIS database.,-9999,-9999,-9999,1440,2160,,EPSG:4326,10,"Vanderbilt University, Nashville",US,Tennessee,Davidson,,,NA,4617305,4664532,http://bioimages.vanderbilt.edu/baskauf/12424,2014-03-23T16:31:07-05:00,Quercus velutina (Fagaceae) - whole tree (or vine) - general,Image of Quercus velutina (Fagaceae) - whole tree (or vine) - general,,baskauf,2002-06-14T10:35:37-05:00,Steven J. Baskauf http://bioimages.vanderbilt.edu/,baskauf,(c) 2002 Steven J. Baskauf,Steven J. Baskauf,http://bioimages.vanderbilt.edu/baskauf/12424.htm,4,#010101,5,http://bioimages.vanderbilt.edu/vanderbilt/7-313,0
quve--brlarge-tree12429.jpg,50,Location of individual determined from GIS database.,-9999,-9999,-9999,1440,2160,,EPSG:4326,10,"Vanderbilt University, Nashville",US,Tennessee,Davidson,,,NA,4617305,4664532,http://bioimages.vanderbilt.edu/baskauf/12429,2014-03-23T16:31:07-05:00,Quercus velutina (Fagaceae) - bark - of a large tree,Image of Quercus velutina (Fagaceae) - bark - of a large tree,,baskauf,2002-06-14T10:38:18-05:00,Steven J. Baskauf http://bioimages.vanderbilt.edu/,baskauf,(c) 2002 Steven J. Baskauf,Steven J. Baskauf,http://bioimages.vanderbilt.edu/baskauf/12429.htm,4,#010201,5,http://bioimages.vanderbilt.edu/vanderbilt/7-313,0
quve--wplookup-large12433.jpg,50,Location of individual determined from GIS database.,-9999,-9999,-9999,1440,2160,,EPSG:4326,10,"Vanderbilt University, Nashville",US,Tennessee,Davidson,,,NA,4617305,4664532,http://bioimages.vanderbilt.edu/baskauf/12433,2014-03-23T16:31:07-05:00,Quercus velutina (Fagaceae) - whole tree (or vine) - view up trunk,Image of Quercus velutina (Fagaceae) - whole tree (or vine) - view up trunk,,baskauf,2002-06-14T10:39:30-05:00,Steven J. Baskauf http://bioimages.vanderbilt.edu/,baskauf,(c) 2002 Steven J. Baskauf,Steven J. Baskauf,http://bioimages.vanderbilt.edu/baskauf/12433.htm,4,#010103,5,http://bioimages.vanderbilt.edu/vanderbilt/7-313,0
quve--lfseveral12434.jpg,50,Location of individual determined from GIS database.,-9999,-9999,-9999,1440,2160,,EPSG:4326,10,"Vanderbilt University, Nashville",US,Tennessee,Davidson,,,NA,4617305,4664532,http://bioimages.vanderbilt.edu/baskauf/12434,2014-03-23T16:31:08-05:00,Quercus velutina (Fagaceae) - leaf - showing orientation on twig,Image of Quercus velutina (Fagaceae) - leaf - showing orientation on twig,,baskauf,2002-06-14T10:42:17-05:00,Steven J. Baskauf http://bioimages.vanderbilt.edu/,baskauf,(c) 2002 Steven J. Baskauf,Steven J. Baskauf,http://bioimages.vanderbilt.edu/baskauf/12434.htm,4,#010403,5,http://bioimages.vanderbilt.edu/vanderbilt/7-313,0
quve--lflower-close13000.jpg,50,Location of individual determined from GIS database.,-9999,-9999,-9999,2160,1440,Photographed in laboratory.,EPSG:4326,10,"Vanderbilt University, Nashville",US,Tennessee,Davidson,,,NA,4617305,4664532,http://bioimages.vanderbilt.edu/baskauf/13000,2014-03-23T16:31:09-05:00,Quercus velutina (Fagaceae) - leaf - unspecified,Image of Quercus velutina (Fagaceae) - leaf - unspecified,Lower surface of leaf.,baskauf,2002-06-20T09:34:18-05:00,Steven J. Baskauf http://bioimages.vanderbilt.edu/,baskauf,(c) 2002 Steven J. Baskauf,Steven J. Baskauf,http://bioimages.vanderbilt.edu/baskauf/13000.htm,4,#010400,4,http://bioimages.vanderbilt.edu/vanderbilt/7-313,0
quve--lfseveral13075.jpg,50,Location of individual determined from GIS database.,-9999,-9999,-9999,1440,2160,,EPSG:4326,10,"Vanderbilt University, Nashville",US,Tennessee,Davidson,,,NA,4617305,4664532,http://bioimages.vanderbilt.edu/baskauf/13075,2014-03-23T16:31:08-05:00,Quercus velutina (Fagaceae) - leaf - showing orientation on twig,Image of Quercus velutina (Fagaceae) - leaf - showing orientation on twig,,baskauf,2002-06-20T08:48:30-05:00,Steven J. Baskauf http://bioimages.vanderbilt.edu/,baskauf,(c) 2002 Steven J. Baskauf,Steven J. Baskauf,http://bioimages.vanderbilt.edu/baskauf/13075.htm,4,#010403,5,http://bioimages.vanderbilt.edu/vanderbilt/7-313,0
quve--lfdeep-sinuses13089.jpg,50,Location of individual determined from GIS database.,-9999,-9999,-9999,1440,2160,,EPSG:4326,10,"Vanderbilt University, Nashville",US,Tennessee,Davidson,,,NA,4617305,4664532,http://bioimages.vanderbilt.edu/baskauf/13089,2014-03-23T16:31:09-05:00,Quercus velutina (Fagaceae) - leaf - whole upper surface,Image of Quercus velutina (Fagaceae) - leaf - whole upper surface,,baskauf,2002-06-20T09:18:35-05:00,Steven J. Baskauf http://bioimages.vanderbilt.edu/,baskauf,(c) 2002 Steven J. Baskauf,Steven J. Baskauf,http://bioimages.vanderbilt.edu/baskauf/13089.htm,4,#010401,4,http://bioimages.vanderbilt.edu/vanderbilt/7-313,0
quve--lfupper-lower13093.jpg,50,Location of individual determined from GIS database.,-9999,-9999,-9999,1440,2160,,EPSG:4326,10,"Vanderbilt University, Nashville",US,Tennessee,Davidson,,,NA,4617305,4664532,http://bioimages.vanderbilt.edu/baskauf/13093,2014-03-23T16:31:09-05:00,Quercus velutina (Fagaceae) - leaf - whole upper surface,Image of Quercus velutina (Fagaceae) - leaf - whole upper surface,,baskauf,2002-06-20T09:20:45-05:00,Steven J. Baskauf http://bioimages.vanderbilt.edu/,baskauf,(c) 2002 Steven J. Baskauf,Steven J. Baskauf,http://bioimages.vanderbilt.edu/baskauf/13093.htm,4,#010401,5,http://bioimages.vanderbilt.edu/vanderbilt/7-313,0
quve--lfupper-lower13095.jpg,50,Location of individual determined from GIS database.,-9999,-9999,-9999,2160,1440,,EPSG:4326,10,"Vanderbilt University, Nashville",US,Tennessee,Davidson,,,NA,4617305,4664532,http://bioimages.vanderbilt.edu/baskauf/13095,2014-03-23T16:31:09-05:00,Quercus velutina (Fagaceae) - leaf - margin of upper + lower surface,Image of Quercus velutina (Fagaceae) - leaf - margin of upper + lower surface,,baskauf,2002-06-20T09:21:57-05:00,Steven J. Baskauf http://bioimages.vanderbilt.edu/,baskauf,(c) 2002 Steven J. Baskauf,Steven J. Baskauf,http://bioimages.vanderbilt.edu/baskauf/13095.htm,4,#010402,4,http://bioimages.vanderbilt.edu/vanderbilt/7-313,0
quve--twbuds13096.jpg,50,Location of individual determined from GIS database.,-9999,-9999,-9999,2160,1440,,EPSG:4326,10,"Vanderbilt University, Nashville",US,Tennessee,Davidson,,,NA,4617305,4664532,http://bioimages.vanderbilt.edu/baskauf/13096,2014-03-23T16:31:09-05:00,Quercus velutina (Fagaceae) - twig - orientation of petioles,Image of Quercus velutina (Fagaceae) - twig - orientation of petioles,,baskauf,2002-06-20T09:22:48-05:00,Steven J. Baskauf http://bioimages.vanderbilt.edu/,baskauf,(c) 2002 Steven J. Baskauf,Steven J. Baskauf,http://bioimages.vanderbilt.edu/baskauf/13096.htm,4,#010301,5,http://bioimages.vanderbilt.edu/vanderbilt/7-313,0
quve--lflower-micro13104.jpg,50,Location of individual determined from GIS database.,-9999,-9999,-9999,2160,1440,Photographed in laboratory.,EPSG:4326,10,"Vanderbilt University, Nashville",US,Tennessee,Davidson,,,NA,4617305,4664532,http://bioimages.vanderbilt.edu/baskauf/13104,2014-03-23T16:31:09-05:00,Quercus velutina (Fagaceae) - leaf - unspecified,Image of Quercus velutina (Fagaceae) - leaf - unspecified,"Lower surface of leaf, microscopic showing hair.",baskauf,2002-06-20T09:37:19-05:00,Steven J. Baskauf http://bioimages.vanderbilt.edu/,baskauf,(c) 2002 Steven J. Baskauf,Steven J. Baskauf,http://bioimages.vanderbilt.edu/baskauf/13104.htm,4,#010400,4,http://bioimages.vanderbilt.edu/vanderbilt/7-313,0
quve--twbud13107.jpg,50,Location of individual determined from GIS database.,-9999,-9999,-9999,1440,2160,Photographed in laboratory.,EPSG:4326,10,"Vanderbilt University, Nashville",US,Tennessee,Davidson,,,NA,4617305,4664532,http://bioimages.vanderbilt.edu/baskauf/13107,2014-03-23T16:31:09-05:00,Quercus velutina (Fagaceae) - twig - close-up winter leaf scar/bud,Image of Quercus velutina (Fagaceae) - twig - close-up winter leaf scar/bud,,baskauf,2002-06-20T09:41:15-05:00,Steven J. Baskauf http://bioimages.vanderbilt.edu/,baskauf,(c) 2002 Steven J. Baskauf,Steven J. Baskauf,http://bioimages.vanderbilt.edu/baskauf/13107.htm,4,#010303,4,http://bioimages.vanderbilt.edu/vanderbilt/7-313,0
quve--tw13110.jpg,50,Location of individual determined from GIS database.,-9999,-9999,-9999,2160,1440,Photographed in laboratory.,EPSG:4326,10,"Vanderbilt University, Nashville",US,Tennessee,Davidson,,,NA,4617305,4664532,http://bioimages.vanderbilt.edu/baskauf/13110,2014-03-23T16:31:09-05:00,Quercus velutina (Fagaceae) - twig - orientation of petioles,Image of Quercus velutina (Fagaceae) - twig - orientation of petioles,,baskauf,2002-06-20T09:46:43-05:00,Steven J. Baskauf http://bioimages.vanderbilt.edu/,baskauf,(c) 2002 Steven J. Baskauf,Steven J. Baskauf,http://bioimages.vanderbilt.edu/baskauf/13110.htm,4,#010301,4,http://bioimages.vanderbilt.edu/vanderbilt/7-313,0
quve--lfcompare-rubra13139.jpg,50,Location of individual determined from GIS database.,-9999,-9999,-9999,2160,1440,Photographed in laboratory.,EPSG:4326,10,"Vanderbilt University, Nashville",US,Tennessee,Davidson,,,NA,4617305,4664532,http://bioimages.vanderbilt.edu/baskauf/13139,2014-03-23T16:31:09-05:00,Quercus velutina (Fagaceae) - leaf - unspecified,Image of Quercus velutina (Fagaceae) - leaf - unspecified,Comparison of Q. velutina leaves (left two) with Q. rubra leaves (right two).,baskauf,2002-06-20T13:50:51-05:00,Steven J. Baskauf http://bioimages.vanderbilt.edu/,baskauf,(c) 2002 Steven J. Baskauf,Steven J. Baskauf,http://bioimages.vanderbilt.edu/baskauf/13139.htm,4,#010400,4,http://bioimages.vanderbilt.edu/vanderbilt/7-313,0
quve--lfcompare-rubra13142.jpg,50,Location of individual determined from GIS database.,-9999,-9999,-9999,2160,1440,Photographed in laboratory.,EPSG:4326,10,"Vanderbilt University, Nashville",US,Tennessee,Davidson,,,NA,4617305,4664532,http://bioimages.vanderbilt.edu/baskauf/13142,2014-03-23T16:31:09-05:00,Quercus velutina (Fagaceae) - leaf - unspecified,Image of Quercus velutina (Fagaceae) - leaf - unspecified,Comparison of Q. velutina leaves (left two) with Q. rubra leaves (right two).,baskauf,2002-06-20T13:52:15-05:00,Steven J. Baskauf http://bioimages.vanderbilt.edu/,baskauf,(c) 2002 Steven J. Baskauf,Steven J. Baskauf,http://bioimages.vanderbilt.edu/baskauf/13142.htm,4,#010400,4,http://bioimages.vanderbilt.edu/vanderbilt/7-313,0
quve--lf13183.jpg,50,Location of individual determined from GIS database.,-9999,-9999,-9999,1440,2160,,EPSG:4326,10,"Vanderbilt University, Nashville",US,Tennessee,Davidson,,,NA,4617305,4664532,http://bioimages.vanderbilt.edu/baskauf/13183,2014-03-23T16:31:09-05:00,Quercus velutina (Fagaceae) - leaf - whole upper surface,Image of Quercus velutina (Fagaceae) - leaf - whole upper surface,,baskauf,2002-06-25T14:11:51-05:00,Steven J. Baskauf http://bioimages.vanderbilt.edu/,baskauf,(c) 2002 Steven J. Baskauf,Steven J. Baskauf,http://bioimages.vanderbilt.edu/baskauf/13183.htm,4,#010401,5,http://bioimages.vanderbilt.edu/vanderbilt/7-313,0
quve--lfseveral13184.jpg,50,Location of individual determined from GIS database.,-9999,-9999,-9999,1440,2160,,EPSG:4326,10,"Vanderbilt University, Nashville",US,Tennessee,Davidson,,,NA,4617305,4664532,http://bioimages.vanderbilt.edu/baskauf/13184,2014-03-23T16:31:09-05:00,Quercus velutina (Fagaceae) - leaf - showing orientation on twig,Image of Quercus velutina (Fagaceae) - leaf - showing orientation on twig,,baskauf,2002-06-25T14:17:17-05:00,Steven J. Baskauf http://bioimages.vanderbilt.edu/,baskauf,(c) 2002 Steven J. Baskauf,Steven J. Baskauf,http://bioimages.vanderbilt.edu/baskauf/13184.htm,4,#010403,5,http://bioimages.vanderbilt.edu/vanderbilt/7-313,0
quve--twbuds13194.jpg,50,Location of individual determined from GIS database.,-9999,-9999,-9999,2160,1440,,EPSG:4326,10,"Vanderbilt University, Nashville",US,Tennessee,Davidson,,,NA,4617305,4664532,http://bioimages.vanderbilt.edu/baskauf/13194,2014-03-23T16:31:09-05:00,Quercus velutina (Fagaceae) - twig - orientation of petioles,Image of Quercus velutina (Fagaceae) - twig - orientation of petioles,,baskauf,2002-06-25T14:31:41-05:00,Steven J. Baskauf http://bioimages.vanderbilt.edu/,baskauf,(c) 2002 Steven J. Baskauf,Steven J. Baskauf,http://bioimages.vanderbilt.edu/baskauf/13194.htm,4,#010301,5,http://bioimages.vanderbilt.edu/vanderbilt/7-313,0
quve--twbuds13195.jpg,50,Location of individual determined from GIS database.,-9999,-9999,-9999,2160,1440,,EPSG:4326,10,"Vanderbilt University, Nashville",US,Tennessee,Davidson,,,NA,4617305,4664532,http://bioimages.vanderbilt.edu/baskauf/13195,2014-03-23T16:31:09-05:00,Quercus velutina (Fagaceae) - twig - orientation of petioles,Image of Quercus velutina (Fagaceae) - twig - orientation of petioles,,baskauf,2002-06-25T14:32:12-05:00,Steven J. Baskauf http://bioimages.vanderbilt.edu/,baskauf,(c) 2002 Steven J. Baskauf,Steven J. Baskauf,http://bioimages.vanderbilt.edu/baskauf/13195.htm,4,#010301,5,http://bioimages.vanderbilt.edu/vanderbilt/7-313,0
quve--lfupper-lower13201.jpg,50,Location of individual determined from GIS database.,-9999,-9999,-9999,2160,1440,,EPSG:4326,10,"Vanderbilt University, Nashville",US,Tennessee,Davidson,,,NA,4617305,4664532,http://bioimages.vanderbilt.edu/baskauf/13201,2014-03-23T16:31:09-05:00,Quercus velutina (Fagaceae) - leaf - margin of upper + lower surface,Image of Quercus velutina (Fagaceae) - leaf - margin of upper + lower surface,,baskauf,2002-06-25T14:33:48-05:00,Steven J. Baskauf http://bioimages.vanderbilt.edu/,baskauf,(c) 2002 Steven J. Baskauf,Steven J. Baskauf,http://bioimages.vanderbilt.edu/baskauf/13201.htm,4,#010402,5,http://bioimages.vanderbilt.edu/vanderbilt/7-313,0
quve--lflower-close13202.jpg,50,Location of individual determined from GIS database.,-9999,-9999,-9999,2160,1440,,EPSG:4326,10,"Vanderbilt University, Nashville",US,Tennessee,Davidson,,,NA,4617305,4664532,http://bioimages.vanderbilt.edu/baskauf/13202,2014-03-23T16:31:09-05:00,Quercus velutina (Fagaceae) - leaf - unspecified,Image of Quercus velutina (Fagaceae) - leaf - unspecified,Lower surface of leaf.,baskauf,2002-06-25T14:37:38-05:00,Steven J. Baskauf http://bioimages.vanderbilt.edu/,baskauf,(c) 2002 Steven J. Baskauf,Steven J. Baskauf,http://bioimages.vanderbilt.edu/baskauf/13202.htm,4,#010400,4,http://bioimages.vanderbilt.edu/vanderbilt/7-313,0
quve--lflower-micro13209.jpg,50,Location of individual determined from GIS database.,-9999,-9999,-9999,2160,1440,,EPSG:4326,10,"Vanderbilt University, Nashville",US,Tennessee,Davidson,,,NA,4617305,4664532,http://bioimages.vanderbilt.edu/baskauf/13209,2014-03-23T16:31:09-05:00,Quercus velutina (Fagaceae) - leaf - unspecified,Image of Quercus velutina (Fagaceae) - leaf - unspecified,Lower surface of leaf.,baskauf,2002-06-25T14:41:30-05:00,Steven J. Baskauf http://bioimages.vanderbilt.edu/,baskauf,(c) 2002 Steven J. Baskauf,Steven J. Baskauf,http://bioimages.vanderbilt.edu/baskauf/13209.htm,4,#010400,4,http://bioimages.vanderbilt.edu/vanderbilt/7-313,0
quve--fr16016.jpg,50,Location of individual determined from GIS database.,-9999,-9999,-9999,1440,2160,,EPSG:4326,10,"Vanderbilt University, Nashville",US,Tennessee,Davidson,,,NA,4617305,4664532,http://bioimages.vanderbilt.edu/baskauf/16016,2014-03-23T16:31:12-05:00,Quercus velutina (Fagaceae) - fruit - lateral or general close-up,Image of Quercus velutina (Fagaceae) - fruit - lateral or general close-up,,baskauf,2002-09-27T16:01:07-05:00,Steven J. Baskauf http://bioimages.vanderbilt.edu/,baskauf,(c) 2002 Steven J. Baskauf,Steven J. Baskauf,http://bioimages.vanderbilt.edu/baskauf/16016.htm,4,#010602,4,http://bioimages.vanderbilt.edu/vanderbilt/7-313,0
quve--lfmargin-uplow16021.jpg,50,Location of individual determined from GIS database.,-9999,-9999,-9999,2160,1440,,EPSG:4326,10,"Vanderbilt University, Nashville",US,Tennessee,Davidson,,,NA,4617305,4664532,http://bioimages.vanderbilt.edu/baskauf/16021,2014-03-23T16:31:12-05:00,Quercus velutina (Fagaceae) - leaf - margin of upper + lower surface,Image of Quercus velutina (Fagaceae) - leaf - margin of upper + lower surface,,baskauf,2002-09-27T16:02:33-05:00,Steven J. Baskauf http://bioimages.vanderbilt.edu/,baskauf,(c) 2002 Steven J. Baskauf,Steven J. Baskauf,http://bioimages.vanderbilt.edu/baskauf/16021.htm,4,#010402,4,http://bioimages.vanderbilt.edu/vanderbilt/7-313,0
quve--flmale19643.jpg,50,Location of individual determined from GIS database.,-9999,-9999,-9999,1440,2160,,EPSG:4326,10,"Vanderbilt University, Nashville",US,Tennessee,Davidson,,,NA,4617305,4664532,http://bioimages.vanderbilt.edu/baskauf/19643,2014-03-23T16:31:14-05:00,Quercus velutina (Fagaceae) - inflorescence - whole - male,Image of Quercus velutina (Fagaceae) - inflorescence - whole - male,,baskauf,2003-04-07T12:07:15-05:00,Steven J. Baskauf http://bioimages.vanderbilt.edu/,baskauf,(c) 2003 Steven J. Baskauf,Steven J. Baskauf,http://bioimages.vanderbilt.edu/baskauf/19643.htm,4,#010503,5,http://bioimages.vanderbilt.edu/vanderbilt/7-313,0
quve--fl19669.jpg,50,Location of individual determined from GIS database.,-9999,-9999,-9999,1440,2160,,EPSG:4326,10,"Vanderbilt University, Nashville",US,Tennessee,Davidson,,,NA,4617305,4664532,http://bioimages.vanderbilt.edu/baskauf/19669,2014-03-23T16:31:14-05:00,Quercus velutina (Fagaceae) - inflorescence - whole - unspecified,Image of Quercus velutina (Fagaceae) - inflorescence - whole - unspecified,,baskauf,2003-04-07T15:23:12-05:00,Steven J. Baskauf http://bioimages.vanderbilt.edu/,baskauf,(c) 2003 Steven J. Baskauf,Steven J. Baskauf,http://bioimages.vanderbilt.edu/baskauf/19669.htm,4,#010501,5,http://bioimages.vanderbilt.edu/vanderbilt/7-313,0
quve--flfemale19689.jpg,50,Location of individual determined from GIS database.,-9999,-9999,-9999,1440,2160,,EPSG:4326,10,"Vanderbilt University, Nashville",US,Tennessee,Davidson,,,NA,4617305,4664532,http://bioimages.vanderbilt.edu/baskauf/19689,2014-03-23T16:31:14-05:00,Quercus velutina (Fagaceae) - inflorescence - whole - female,Image of Quercus velutina (Fagaceae) - inflorescence - whole - female,,baskauf,2003-04-07T15:27:28-05:00,Steven J. Baskauf http://bioimages.vanderbilt.edu/,baskauf,(c) 2003 Steven J. Baskauf,Steven J. Baskauf,http://bioimages.vanderbilt.edu/baskauf/19689.htm,4,#010502,5,http://bioimages.vanderbilt.edu/vanderbilt/7-313,0
89382.jpg,28,Location of individual determined from GIS database.,-9999,-9999,-9999,2304,3456,,EPSG:4326,10,"Vanderbilt University, Nashville",US,Tennessee,Davidson,,,NA,4617305,4664532,http://bioimages.vanderbilt.edu/baskauf/89382,2014-03-23T16:31:19-05:00,Quercus velutina (Fagaceae) - whole tree (or vine) - winter,Image of Quercus velutina (Fagaceae) - whole tree (or vine) - winter,,baskauf,2013-12-11T13:45:17-05:00,Steven J. Baskauf http://bioimages.vanderbilt.edu/,baskauf,(c) 2013 Steven J. Baskauf,Steven J. Baskauf,http://bioimages.vanderbilt.edu/baskauf/89382.htm,4,#010102,4,http://bioimages.vanderbilt.edu/vanderbilt/7-313,0
90912.jpg,28,Location of individual determined from GIS database.,-9999,-9999,-9999,2304,3456,,EPSG:4326,10,"south of Old Central, Vanderbilt University, Nashville",US,Tennessee,Davidson,,,NA,4617305,4664532,http://bioimages.vanderbilt.edu/baskauf/90912,2014-09-04T05:49:41-05:00,Quercus velutina (Fagaceae) - whole tree (or vine) - general,Image of Quercus velutina (Fagaceae) - whole tree (or vine) - general,,baskauf,2014-09-03T10:45:56-05:00 ,Steven J. Baskauf http://bioimages.vanderbilt.edu/,baskauf,(c) 2014 Steven J. Baskauf,Steven J. Baskauf,http://bioimages.vanderbilt.edu/baskauf/90912.htm,4,#010101,5,http://bioimages.vanderbilt.edu/vanderbilt/7-313,0
90913.jpg,28,Location of individual determined from GIS database.,-9999,-9999,-9999,2304,3456,,EPSG:4326,10,"south of Old Central, Vanderbilt University, Nashville",US,Tennessee,Davidson,,,NA,4617305,4664532,http://bioimages.vanderbilt.edu/baskauf/90913,2014-09-04T05:49:41-05:00,Quercus velutina (Fagaceae) - whole tree (or vine) - general,Image of Quercus velutina (Fagaceae) - whole tree (or vine) - general,,baskauf,2014-09-03T10:46:31-05:00 ,Steven J. Baskauf http://bioimages.vanderbilt.edu/,baskauf,(c) 2014 Steven J. Baskauf,Steven J. Baskauf,http://bioimages.vanderbilt.edu/baskauf/90913.htm,4,#010101,5,http://bioimages.vanderbilt.edu/vanderbilt/7-313,0
90917.jpg,28,Location of individual determined from GIS database.,-9999,-9999,-9999,2304,3456,,EPSG:4326,10,"south of Old Central, Vanderbilt University, Nashville",US,Tennessee,Davidson,,,NA,4617305,4664532,http://bioimages.vanderbilt.edu/baskauf/90917,2014-09-04T05:49:41-05:00,Quercus velutina (Fagaceae) - whole tree (or vine) - general,Image of Quercus velutina (Fagaceae) - whole tree (or vine) - general,,baskauf,2014-09-03T10:47:13-05:00 ,Steven J. Baskauf http://bioimages.vanderbilt.edu/,baskauf,(c) 2014 Steven J. Baskauf,Steven J. Baskauf,http://bioimages.vanderbilt.edu/baskauf/90917.htm,4,#010101,5,http://bioimages.vanderbilt.edu/vanderbilt/7-313,0
