previous_iri|organism_iri|next_iri|previous_button_image|home_iri|home_button_image|tour_iri|tour_button_image|next_button_image
|http://bioimages.vanderbilt.edu/vanderbilt/7-314|../vanderbilt/4-156|../buttons/historic-previous.png|http://vanderbilt.edu/trees/|../contact/vanderbilt-logo.png|http://vanderbilt.edu/trees/tours/historic|../buttons/historic-tour.png|../buttons/historic-next.png
../vanderbilt/7-314|http://bioimages.vanderbilt.edu/vanderbilt/4-156|../vanderbilt/4-145|../buttons/historic-previous.png|http://vanderbilt.edu/trees/|../contact/vanderbilt-logo.png|http://vanderbilt.edu/trees/tours/historic|../buttons/historic-tour.png|../buttons/historic-next.png
../vanderbilt/4-156|http://bioimages.vanderbilt.edu/vanderbilt/4-145|../vanderbilt/4-55|../buttons/historic-previous.png|http://vanderbilt.edu/trees/|../contact/vanderbilt-logo.png|http://vanderbilt.edu/trees/tours/historic|../buttons/historic-tour.png|../buttons/historic-next.png
../vanderbilt/4-145|http://bioimages.vanderbilt.edu/vanderbilt/4-55|../vanderbilt/4-57|../buttons/historic-previous.png|http://vanderbilt.edu/trees/|../contact/vanderbilt-logo.png|http://vanderbilt.edu/trees/tours/historic|../buttons/historic-tour.png|../buttons/historic-next.png
../vanderbilt/4-55|http://bioimages.vanderbilt.edu/vanderbilt/4-57|../vu/2-675|../buttons/historic-previous.png|http://vanderbilt.edu/trees/|../contact/vanderbilt-logo.png|http://vanderbilt.edu/trees/tours/historic|../buttons/historic-tour.png|../buttons/historic-next.png
../vanderbilt/4-57|http://bioimages.vanderbilt.edu/vu/2-675|../vu/G|../buttons/historic-previous.png|http://vanderbilt.edu/trees/|../contact/vanderbilt-logo.png|http://vanderbilt.edu/trees/tours/historic|../buttons/historic-tour.png|../buttons/historic-next.png
../vu/2-675|http://bioimages.vanderbilt.edu/vu/G|../vanderbilt/6-60|../buttons/historic-previous.png|http://vanderbilt.edu/trees/|../contact/vanderbilt-logo.png|http://vanderbilt.edu/trees/tours/historic|../buttons/historic-tour.png|../buttons/historic-next.png
../vu/G|http://bioimages.vanderbilt.edu/vanderbilt/6-60|../vu/4-387|../buttons/historic-previous.png|http://vanderbilt.edu/trees/|../contact/vanderbilt-logo.png|http://vanderbilt.edu/trees/tours/historic|../buttons/historic-tour.png|../buttons/historic-next.png
../vanderbilt/6-60|http://bioimages.vanderbilt.edu/vu/4-387|../vanderbilt/6-143|../buttons/historic-previous.png|http://vanderbilt.edu/trees/|../contact/vanderbilt-logo.png|http://vanderbilt.edu/trees/tours/historic|../buttons/historic-tour.png|../buttons/historic-next.png
../vu/4-387|http://bioimages.vanderbilt.edu/vanderbilt/6-143|../vanderbilt/6-167|../buttons/historic-previous.png|http://vanderbilt.edu/trees/|../contact/vanderbilt-logo.png|http://vanderbilt.edu/trees/tours/historic|../buttons/historic-tour.png|../buttons/historic-next.png
../vanderbilt/6-143|http://bioimages.vanderbilt.edu/vanderbilt/6-167|../vanderbilt/7-5|../buttons/historic-previous.png|http://vanderbilt.edu/trees/|../contact/vanderbilt-logo.png|http://vanderbilt.edu/trees/tours/historic|../buttons/historic-tour.png|../buttons/historic-next.png
../vanderbilt/6-167|http://bioimages.vanderbilt.edu/vanderbilt/7-5|../vanderbilt/7-29|../buttons/historic-previous.png|http://vanderbilt.edu/trees/|../contact/vanderbilt-logo.png|http://vanderbilt.edu/trees/tours/historic|../buttons/historic-tour.png|../buttons/historic-next.png
../vanderbilt/7-5|http://bioimages.vanderbilt.edu/vanderbilt/7-29|../vu/3-82|../buttons/historic-previous.png|http://vanderbilt.edu/trees/|../contact/vanderbilt-logo.png|http://vanderbilt.edu/trees/tours/historic|../buttons/historic-tour.png|../buttons/historic-next.png
../vanderbilt/7-29|http://bioimages.vanderbilt.edu/vu/3-82|../vu/3-540|../buttons/historic-previous.png|http://vanderbilt.edu/trees/|../contact/vanderbilt-logo.png|http://vanderbilt.edu/trees/tours/historic|../buttons/historic-tour.png|../buttons/historic-next.png
../vu/3-82|http://bioimages.vanderbilt.edu/vu/3-540|../vu/2-625|../buttons/historic-previous.png|http://vanderbilt.edu/trees/|../contact/vanderbilt-logo.png|http://vanderbilt.edu/trees/tours/historic|../buttons/historic-tour.png|../buttons/historic-next.png
../vu/3-540|http://bioimages.vanderbilt.edu/vu/2-625|../vanderbilt/2-101|../buttons/historic-previous.png|http://vanderbilt.edu/trees/|../contact/vanderbilt-logo.png|http://vanderbilt.edu/trees/tours/historic|../buttons/historic-tour.png|../buttons/historic-next.png
../vu/2-625|http://bioimages.vanderbilt.edu/vanderbilt/2-101|../vanderbilt/2-35|../buttons/historic-previous.png|http://vanderbilt.edu/trees/|../contact/vanderbilt-logo.png|http://vanderbilt.edu/trees/tours/historic|../buttons/historic-tour.png|../buttons/historic-next.png
../vanderbilt/2-101|http://bioimages.vanderbilt.edu/vanderbilt/2-35|../vanderbilt/1-178|../buttons/historic-previous.png|http://vanderbilt.edu/trees/|../contact/vanderbilt-logo.png|http://vanderbilt.edu/trees/tours/historic|../buttons/historic-tour.png|../buttons/historic-next.png
../vanderbilt/2-35|http://bioimages.vanderbilt.edu/vanderbilt/1-178|../vu/2-455|../buttons/historic-previous.png|http://vanderbilt.edu/trees/|../contact/vanderbilt-logo.png|http://vanderbilt.edu/trees/tours/historic|../buttons/historic-tour.png|../buttons/historic-next.png
../vanderbilt/1-178|http://bioimages.vanderbilt.edu/vu/2-455|../buchanan/9269|../buttons/historic-previous.png|http://vanderbilt.edu/trees/|../contact/vanderbilt-logo.png|http://vanderbilt.edu/trees/tours/historic|../buttons/historic-tour.png|../buttons/historic-next.png
../vu/2-455|http://bioimages.vanderbilt.edu/buchanan/9269|../vanderbilt/3-108|../buttons/historic-previous.png|http://vanderbilt.edu/trees/|../contact/vanderbilt-logo.png|http://vanderbilt.edu/trees/tours/historic|../buttons/historic-tour.png|../buttons/historic-next.png
../buchanan/9269|http://bioimages.vanderbilt.edu/vanderbilt/3-108|../vu/2-865|../buttons/historic-previous.png|http://vanderbilt.edu/trees/|../contact/vanderbilt-logo.png|http://vanderbilt.edu/trees/tours/historic|../buttons/historic-tour.png|../buttons/historic-next.png
../vanderbilt/3-108|http://bioimages.vanderbilt.edu/vu/2-865||../buttons/historic-previous.png|http://vanderbilt.edu/trees/|../contact/vanderbilt-logo.png|http://vanderbilt.edu/trees/tours/historic|../buttons/historic-tour.png|../buttons/historic-next.png
|http://bioimages.vanderbilt.edu/ind-baskauf/52485|../vanderbilt/13-427|../buttons/peabody-previous.png|http://vanderbilt.edu/trees/|../contact/vanderbilt-logo.png|http://vanderbilt.edu/trees/tours/peabody|../buttons/peabody-tour.png|../buttons/peabody-next.png
../ind-baskauf/52485|http://bioimages.vanderbilt.edu/vanderbilt/13-427|../vanderbilt/13-17|../buttons/peabody-previous.png|http://vanderbilt.edu/trees/|../contact/vanderbilt-logo.png|http://vanderbilt.edu/trees/tours/peabody|../buttons/peabody-tour.png|../buttons/peabody-next.png
../vanderbilt/13-427|http://bioimages.vanderbilt.edu/vanderbilt/13-17|../vanderbilt/13-12|../buttons/peabody-previous.png|http://vanderbilt.edu/trees/|../contact/vanderbilt-logo.png|http://vanderbilt.edu/trees/tours/peabody|../buttons/peabody-tour.png|../buttons/peabody-next.png
../vanderbilt/13-17|http://bioimages.vanderbilt.edu/vanderbilt/13-12|../vanderbilt/12-196|../buttons/peabody-previous.png|http://vanderbilt.edu/trees/|../contact/vanderbilt-logo.png|http://vanderbilt.edu/trees/tours/peabody|../buttons/peabody-tour.png|../buttons/peabody-next.png
../vanderbilt/13-12|http://bioimages.vanderbilt.edu/vanderbilt/12-196|../vanderbilt/12-237|../buttons/peabody-previous.png|http://vanderbilt.edu/trees/|../contact/vanderbilt-logo.png|http://vanderbilt.edu/trees/tours/peabody|../buttons/peabody-tour.png|../buttons/peabody-next.png
../vanderbilt/12-196|http://bioimages.vanderbilt.edu/vanderbilt/12-237|../vanderbilt/12-206|../buttons/peabody-previous.png|http://vanderbilt.edu/trees/|../contact/vanderbilt-logo.png|http://vanderbilt.edu/trees/tours/peabody|../buttons/peabody-tour.png|../buttons/peabody-next.png
../vanderbilt/12-237|http://bioimages.vanderbilt.edu/vanderbilt/12-206|../vanderbilt/12-227|../buttons/peabody-previous.png|http://vanderbilt.edu/trees/|../contact/vanderbilt-logo.png|http://vanderbilt.edu/trees/tours/peabody|../buttons/peabody-tour.png|../buttons/peabody-next.png
../vanderbilt/12-206|http://bioimages.vanderbilt.edu/vanderbilt/12-227|../vanderbilt/12-226|../buttons/peabody-previous.png|http://vanderbilt.edu/trees/|../contact/vanderbilt-logo.png|http://vanderbilt.edu/trees/tours/peabody|../buttons/peabody-tour.png|../buttons/peabody-next.png
../vanderbilt/12-227|http://bioimages.vanderbilt.edu/vanderbilt/12-226|../vanderbilt/12-222|../buttons/peabody-previous.png|http://vanderbilt.edu/trees/|../contact/vanderbilt-logo.png|http://vanderbilt.edu/trees/tours/peabody|../buttons/peabody-tour.png|../buttons/peabody-next.png
../vanderbilt/12-226|http://bioimages.vanderbilt.edu/vanderbilt/12-222|../vanderbilt/12-209|../buttons/peabody-previous.png|http://vanderbilt.edu/trees/|../contact/vanderbilt-logo.png|http://vanderbilt.edu/trees/tours/peabody|../buttons/peabody-tour.png|../buttons/peabody-next.png
../vanderbilt/12-222|http://bioimages.vanderbilt.edu/vanderbilt/12-209|../vanderbilt/12-167|../buttons/peabody-previous.png|http://vanderbilt.edu/trees/|../contact/vanderbilt-logo.png|http://vanderbilt.edu/trees/tours/peabody|../buttons/peabody-tour.png|../buttons/peabody-next.png
../vanderbilt/12-209|http://bioimages.vanderbilt.edu/vanderbilt/12-167|../vanderbilt/12-173|../buttons/peabody-previous.png|http://vanderbilt.edu/trees/|../contact/vanderbilt-logo.png|http://vanderbilt.edu/trees/tours/peabody|../buttons/peabody-tour.png|../buttons/peabody-next.png
../vanderbilt/12-167|http://bioimages.vanderbilt.edu/vanderbilt/12-173|../vanderbilt/12-177|../buttons/peabody-previous.png|http://vanderbilt.edu/trees/|../contact/vanderbilt-logo.png|http://vanderbilt.edu/trees/tours/peabody|../buttons/peabody-tour.png|../buttons/peabody-next.png
../vanderbilt/12-173|http://bioimages.vanderbilt.edu/vanderbilt/12-177|../vanderbilt/12-188|../buttons/peabody-previous.png|http://vanderbilt.edu/trees/|../contact/vanderbilt-logo.png|http://vanderbilt.edu/trees/tours/peabody|../buttons/peabody-tour.png|../buttons/peabody-next.png
../vanderbilt/12-177|http://bioimages.vanderbilt.edu/vanderbilt/12-188|../vanderbilt/12-189|../buttons/peabody-previous.png|http://vanderbilt.edu/trees/|../contact/vanderbilt-logo.png|http://vanderbilt.edu/trees/tours/peabody|../buttons/peabody-tour.png|../buttons/peabody-next.png
../vanderbilt/12-188|http://bioimages.vanderbilt.edu/vanderbilt/12-189|../vanderbilt/12-187|../buttons/peabody-previous.png|http://vanderbilt.edu/trees/|../contact/vanderbilt-logo.png|http://vanderbilt.edu/trees/tours/peabody|../buttons/peabody-tour.png|../buttons/peabody-next.png
../vanderbilt/12-189|http://bioimages.vanderbilt.edu/vanderbilt/12-187|../vanderbilt/12-76|../buttons/peabody-previous.png|http://vanderbilt.edu/trees/|../contact/vanderbilt-logo.png|http://vanderbilt.edu/trees/tours/peabody|../buttons/peabody-tour.png|../buttons/peabody-next.png
../vanderbilt/12-187|http://bioimages.vanderbilt.edu/vanderbilt/12-76|../vanderbilt/15-139|../buttons/peabody-previous.png|http://vanderbilt.edu/trees/|../contact/vanderbilt-logo.png|http://vanderbilt.edu/trees/tours/peabody|../buttons/peabody-tour.png|../buttons/peabody-next.png
../vanderbilt/12-76|http://bioimages.vanderbilt.edu/vanderbilt/15-139|../vanderbilt/15-154|../buttons/peabody-previous.png|http://vanderbilt.edu/trees/|../contact/vanderbilt-logo.png|http://vanderbilt.edu/trees/tours/peabody|../buttons/peabody-tour.png|../buttons/peabody-next.png
../vanderbilt/15-139|http://bioimages.vanderbilt.edu/vanderbilt/15-154|../vanderbilt/15-157|../buttons/peabody-previous.png|http://vanderbilt.edu/trees/|../contact/vanderbilt-logo.png|http://vanderbilt.edu/trees/tours/peabody|../buttons/peabody-tour.png|../buttons/peabody-next.png
../vanderbilt/15-154|http://bioimages.vanderbilt.edu/vanderbilt/15-157|../vanderbilt/15-120|../buttons/peabody-previous.png|http://vanderbilt.edu/trees/|../contact/vanderbilt-logo.png|http://vanderbilt.edu/trees/tours/peabody|../buttons/peabody-tour.png|../buttons/peabody-next.png
../vanderbilt/15-157|http://bioimages.vanderbilt.edu/vanderbilt/15-120|../vanderbilt/15-114|../buttons/peabody-previous.png|http://vanderbilt.edu/trees/|../contact/vanderbilt-logo.png|http://vanderbilt.edu/trees/tours/peabody|../buttons/peabody-tour.png|../buttons/peabody-next.png
../vanderbilt/15-120|http://bioimages.vanderbilt.edu/vanderbilt/15-114|../vanderbilt/12-53|../buttons/peabody-previous.png|http://vanderbilt.edu/trees/|../contact/vanderbilt-logo.png|http://vanderbilt.edu/trees/tours/peabody|../buttons/peabody-tour.png|../buttons/peabody-next.png
../vanderbilt/15-114|http://bioimages.vanderbilt.edu/vanderbilt/12-53|../vanderbilt/12-6|../buttons/peabody-previous.png|http://vanderbilt.edu/trees/|../contact/vanderbilt-logo.png|http://vanderbilt.edu/trees/tours/peabody|../buttons/peabody-tour.png|../buttons/peabody-next.png
../vanderbilt/12-53|http://bioimages.vanderbilt.edu/vanderbilt/12-6|../vanderbilt/12-8|../buttons/peabody-previous.png|http://vanderbilt.edu/trees/|../contact/vanderbilt-logo.png|http://vanderbilt.edu/trees/tours/peabody|../buttons/peabody-tour.png|../buttons/peabody-next.png
../vanderbilt/12-6|http://bioimages.vanderbilt.edu/vanderbilt/12-8|../vanderbilt/12-11|../buttons/peabody-previous.png|http://vanderbilt.edu/trees/|../contact/vanderbilt-logo.png|http://vanderbilt.edu/trees/tours/peabody|../buttons/peabody-tour.png|../buttons/peabody-next.png
../vanderbilt/12-8|http://bioimages.vanderbilt.edu/vanderbilt/12-11|../vanderbilt/12-16|../buttons/peabody-previous.png|http://vanderbilt.edu/trees/|../contact/vanderbilt-logo.png|http://vanderbilt.edu/trees/tours/peabody|../buttons/peabody-tour.png|../buttons/peabody-next.png
../vanderbilt/12-11|http://bioimages.vanderbilt.edu/vanderbilt/12-16|../vanderbilt/12-20|../buttons/peabody-previous.png|http://vanderbilt.edu/trees/|../contact/vanderbilt-logo.png|http://vanderbilt.edu/trees/tours/peabody|../buttons/peabody-tour.png|../buttons/peabody-next.png
../vanderbilt/12-16|http://bioimages.vanderbilt.edu/vanderbilt/12-20|../vanderbilt/12-32|../buttons/peabody-previous.png|http://vanderbilt.edu/trees/|../contact/vanderbilt-logo.png|http://vanderbilt.edu/trees/tours/peabody|../buttons/peabody-tour.png|../buttons/peabody-next.png
../vanderbilt/12-20|http://bioimages.vanderbilt.edu/vanderbilt/12-32|../vanderbilt/12-29|../buttons/peabody-previous.png|http://vanderbilt.edu/trees/|../contact/vanderbilt-logo.png|http://vanderbilt.edu/trees/tours/peabody|../buttons/peabody-tour.png|../buttons/peabody-next.png
../vanderbilt/12-32|http://bioimages.vanderbilt.edu/vanderbilt/12-29|../vanderbilt/12-90|../buttons/peabody-previous.png|http://vanderbilt.edu/trees/|../contact/vanderbilt-logo.png|http://vanderbilt.edu/trees/tours/peabody|../buttons/peabody-tour.png|../buttons/peabody-next.png
../vanderbilt/12-29|http://bioimages.vanderbilt.edu/vanderbilt/12-90|../vanderbilt/12-38|../buttons/peabody-previous.png|http://vanderbilt.edu/trees/|../contact/vanderbilt-logo.png|http://vanderbilt.edu/trees/tours/peabody|../buttons/peabody-tour.png|../buttons/peabody-next.png
../vanderbilt/12-90|http://bioimages.vanderbilt.edu/vanderbilt/12-38|../vanderbilt/12-82|../buttons/peabody-previous.png|http://vanderbilt.edu/trees/|../contact/vanderbilt-logo.png|http://vanderbilt.edu/trees/tours/peabody|../buttons/peabody-tour.png|../buttons/peabody-next.png
../vanderbilt/12-38|http://bioimages.vanderbilt.edu/vanderbilt/12-82|../ind-baskauf/91137|../buttons/peabody-previous.png|http://vanderbilt.edu/trees/|../contact/vanderbilt-logo.png|http://vanderbilt.edu/trees/tours/peabody|../buttons/peabody-tour.png|../buttons/peabody-next.png
../vanderbilt/12-82|http://bioimages.vanderbilt.edu/ind-baskauf/91137|../ind-baskauf/91130|../buttons/peabody-previous.png|http://vanderbilt.edu/trees/|../contact/vanderbilt-logo.png|http://vanderbilt.edu/trees/tours/peabody|../buttons/peabody-tour.png|../buttons/peabody-next.png
../ind-baskauf/91137|http://bioimages.vanderbilt.edu/ind-baskauf/91130|../vanderbilt/12-126|../buttons/peabody-previous.png|http://vanderbilt.edu/trees/|../contact/vanderbilt-logo.png|http://vanderbilt.edu/trees/tours/peabody|../buttons/peabody-tour.png|../buttons/peabody-next.png
../ind-baskauf/91130|http://bioimages.vanderbilt.edu/vanderbilt/12-126|../vanderbilt/12-141|../buttons/peabody-previous.png|http://vanderbilt.edu/trees/|../contact/vanderbilt-logo.png|http://vanderbilt.edu/trees/tours/peabody|../buttons/peabody-tour.png|../buttons/main-begin-from-pbdy.png
../vanderbilt/12-126|http://bioimages.vanderbilt.edu/vanderbilt/12-141|../vanderbilt/11-23|../buttons/peabody-last.png|http://vanderbilt.edu/trees/|../contact/vanderbilt-logo.png|http://vanderbilt.edu/trees/tours/main-campus|../buttons/main-tour.png|../buttons/main-next.png
../vanderbilt/12-141|http://bioimages.vanderbilt.edu/vanderbilt/11-23|../vanderbilt/6-60|../buttons/main-previous.png|http://vanderbilt.edu/trees/|../contact/vanderbilt-logo.png|http://vanderbilt.edu/trees/tours/main-campus|../buttons/main-tour.png|../buttons/main-next.png
../vanderbilt/11-23|http://bioimages.vanderbilt.edu/vanderbilt/6-60|../vanderbilt/6-71|../buttons/main-previous.png|http://vanderbilt.edu/trees/|../contact/vanderbilt-logo.png|http://vanderbilt.edu/trees/tours/main-campus|../buttons/main-tour.png|../buttons/main-next.png
../vanderbilt/6-60|http://bioimages.vanderbilt.edu/vanderbilt/6-71|../vanderbilt/6-76|../buttons/main-previous.png|http://vanderbilt.edu/trees/|../contact/vanderbilt-logo.png|http://vanderbilt.edu/trees/tours/main-campus|../buttons/main-tour.png|../buttons/main-next.png
../vanderbilt/6-71|http://bioimages.vanderbilt.edu/vanderbilt/6-76|../vanderbilt/6-89|../buttons/main-previous.png|http://vanderbilt.edu/trees/|../contact/vanderbilt-logo.png|http://vanderbilt.edu/trees/tours/main-campus|../buttons/main-tour.png|../buttons/main-next.png
../vanderbilt/6-76|http://bioimages.vanderbilt.edu/vanderbilt/6-89|../vanderbilt/6-29|../buttons/main-previous.png|http://vanderbilt.edu/trees/|../contact/vanderbilt-logo.png|http://vanderbilt.edu/trees/tours/main-campus|../buttons/main-tour.png|../buttons/main-next.png
../vanderbilt/6-89|http://bioimages.vanderbilt.edu/vanderbilt/6-29|../vanderbilt/6-85|../buttons/main-previous.png|http://vanderbilt.edu/trees/|../contact/vanderbilt-logo.png|http://vanderbilt.edu/trees/tours/main-campus|../buttons/main-tour.png|../buttons/main-next.png
../vanderbilt/6-29|http://bioimages.vanderbilt.edu/vanderbilt/6-85|../vanderbilt/6-86|../buttons/main-previous.png|http://vanderbilt.edu/trees/|../contact/vanderbilt-logo.png|http://vanderbilt.edu/trees/tours/main-campus|../buttons/main-tour.png|../buttons/main-next.png
../vanderbilt/6-85|http://bioimages.vanderbilt.edu/vanderbilt/6-86|../vanderbilt/6-116|../buttons/main-previous.png|http://vanderbilt.edu/trees/|../contact/vanderbilt-logo.png|http://vanderbilt.edu/trees/tours/main-campus|../buttons/main-tour.png|../buttons/main-next.png
../vanderbilt/6-86|http://bioimages.vanderbilt.edu/vanderbilt/6-116|../vanderbilt/7-302|../buttons/main-previous.png|http://vanderbilt.edu/trees/|../contact/vanderbilt-logo.png|http://vanderbilt.edu/trees/tours/main-campus|../buttons/main-tour.png|../buttons/main-next.png
../vanderbilt/6-116|http://bioimages.vanderbilt.edu/vanderbilt/7-302|../vanderbilt/7-289|../buttons/main-previous.png|http://vanderbilt.edu/trees/|../contact/vanderbilt-logo.png|http://vanderbilt.edu/trees/tours/main-campus|../buttons/main-tour.png|../buttons/main-next.png
../vanderbilt/7-302|http://bioimages.vanderbilt.edu/vanderbilt/7-289|../vanderbilt/7-282|../buttons/main-previous.png|http://vanderbilt.edu/trees/|../contact/vanderbilt-logo.png|http://vanderbilt.edu/trees/tours/main-campus|../buttons/main-tour.png|../buttons/main-next.png
../vanderbilt/7-289|http://bioimages.vanderbilt.edu/vanderbilt/7-282|../vanderbilt/7-88|../buttons/main-previous.png|http://vanderbilt.edu/trees/|../contact/vanderbilt-logo.png|http://vanderbilt.edu/trees/tours/main-campus|../buttons/main-tour.png|../buttons/main-next.png
../vanderbilt/7-282|http://bioimages.vanderbilt.edu/vanderbilt/7-88|../vanderbilt/7-87|../buttons/main-previous.png|http://vanderbilt.edu/trees/|../contact/vanderbilt-logo.png|http://vanderbilt.edu/trees/tours/main-campus|../buttons/main-tour.png|../buttons/main-next.png
../vanderbilt/7-88|http://bioimages.vanderbilt.edu/vanderbilt/7-87|../vanderbilt/7-298|../buttons/main-previous.png|http://vanderbilt.edu/trees/|../contact/vanderbilt-logo.png|http://vanderbilt.edu/trees/tours/main-campus|../buttons/main-tour.png|../buttons/main-next.png
../vanderbilt/7-87|http://bioimages.vanderbilt.edu/vanderbilt/7-298|../vanderbilt/7-299|../buttons/main-previous.png|http://vanderbilt.edu/trees/|../contact/vanderbilt-logo.png|http://vanderbilt.edu/trees/tours/main-campus|../buttons/main-tour.png|../buttons/main-next.png
../vanderbilt/7-298|http://bioimages.vanderbilt.edu/vanderbilt/7-299|../vanderbilt/7-306|../buttons/main-previous.png|http://vanderbilt.edu/trees/|../contact/vanderbilt-logo.png|http://vanderbilt.edu/trees/tours/main-campus|../buttons/main-tour.png|../buttons/main-next.png
../vanderbilt/7-299|http://bioimages.vanderbilt.edu/vanderbilt/7-306|../vanderbilt/7-314|../buttons/main-previous.png|http://vanderbilt.edu/trees/|../contact/vanderbilt-logo.png|http://vanderbilt.edu/trees/tours/main-campus|../buttons/main-tour.png|../buttons/main-next.png
../vanderbilt/7-306|http://bioimages.vanderbilt.edu/vanderbilt/7-314|../vanderbilt/7-313|../buttons/main-previous.png|http://vanderbilt.edu/trees/|../contact/vanderbilt-logo.png|http://vanderbilt.edu/trees/tours/main-campus|../buttons/main-tour.png|../buttons/main-next.png
../vanderbilt/7-314|http://bioimages.vanderbilt.edu/vanderbilt/7-313|../vanderbilt/7-340|../buttons/main-previous.png|http://vanderbilt.edu/trees/|../contact/vanderbilt-logo.png|http://vanderbilt.edu/trees/tours/main-campus|../buttons/main-tour.png|../buttons/main-next.png
../vanderbilt/7-313|http://bioimages.vanderbilt.edu/vanderbilt/7-340|../vanderbilt/7-307|../buttons/main-previous.png|http://vanderbilt.edu/trees/|../contact/vanderbilt-logo.png|http://vanderbilt.edu/trees/tours/main-campus|../buttons/main-tour.png|../buttons/main-next.png
../vanderbilt/7-340|http://bioimages.vanderbilt.edu/vanderbilt/7-307|../vanderbilt/3-63|../buttons/main-previous.png|http://vanderbilt.edu/trees/|../contact/vanderbilt-logo.png|http://vanderbilt.edu/trees/tours/main-campus|../buttons/main-tour.png|../buttons/main-next.png
../vanderbilt/7-307|http://bioimages.vanderbilt.edu/vanderbilt/3-63|../vanderbilt/7-242|../buttons/main-previous.png|http://vanderbilt.edu/trees/|../contact/vanderbilt-logo.png|http://vanderbilt.edu/trees/tours/main-campus|../buttons/main-tour.png|../buttons/main-next.png
../vanderbilt/3-63|http://bioimages.vanderbilt.edu/vanderbilt/7-242|../vanderbilt/7-223|../buttons/main-previous.png|http://vanderbilt.edu/trees/|../contact/vanderbilt-logo.png|http://vanderbilt.edu/trees/tours/main-campus|../buttons/main-tour.png|../buttons/main-next.png
../vanderbilt/7-242|http://bioimages.vanderbilt.edu/vanderbilt/7-223|../vanderbilt/7-201|../buttons/main-previous.png|http://vanderbilt.edu/trees/|../contact/vanderbilt-logo.png|http://vanderbilt.edu/trees/tours/main-campus|../buttons/main-tour.png|../buttons/main-next.png
../vanderbilt/7-223|http://bioimages.vanderbilt.edu/vanderbilt/7-201|../vanderbilt/7-205|../buttons/main-previous.png|http://vanderbilt.edu/trees/|../contact/vanderbilt-logo.png|http://vanderbilt.edu/trees/tours/main-campus|../buttons/main-tour.png|../buttons/main-next.png
../vanderbilt/7-201|http://bioimages.vanderbilt.edu/vanderbilt/7-205|../vanderbilt/10-83|../buttons/main-previous.png|http://vanderbilt.edu/trees/|../contact/vanderbilt-logo.png|http://vanderbilt.edu/trees/tours/main-campus|../buttons/main-tour.png|../buttons/main-next.png
../vanderbilt/7-205|http://bioimages.vanderbilt.edu/vanderbilt/10-83|../vanderbilt/10-68|../buttons/main-previous.png|http://vanderbilt.edu/trees/|../contact/vanderbilt-logo.png|http://vanderbilt.edu/trees/tours/main-campus|../buttons/main-tour.png|../buttons/main-next.png
../vanderbilt/10-83|http://bioimages.vanderbilt.edu/vanderbilt/10-68|../vanderbilt/10-65|../buttons/main-previous.png|http://vanderbilt.edu/trees/|../contact/vanderbilt-logo.png|http://vanderbilt.edu/trees/tours/main-campus|../buttons/main-tour.png|../buttons/main-next.png
../vanderbilt/10-68|http://bioimages.vanderbilt.edu/vanderbilt/10-65|../vanderbilt/10-62|../buttons/main-previous.png|http://vanderbilt.edu/trees/|../contact/vanderbilt-logo.png|http://vanderbilt.edu/trees/tours/main-campus|../buttons/main-tour.png|../buttons/main-next.png
../vanderbilt/10-65|http://bioimages.vanderbilt.edu/vanderbilt/10-62|../vanderbilt/9-16|../buttons/main-previous.png|http://vanderbilt.edu/trees/|../contact/vanderbilt-logo.png|http://vanderbilt.edu/trees/tours/main-campus|../buttons/main-tour.png|../buttons/main-next.png
../vanderbilt/10-62|http://bioimages.vanderbilt.edu/vanderbilt/9-16|../vanderbilt/8-77|../buttons/main-previous.png|http://vanderbilt.edu/trees/|../contact/vanderbilt-logo.png|http://vanderbilt.edu/trees/tours/main-campus|../buttons/main-tour.png|../buttons/main-next.png
../vanderbilt/9-16|http://bioimages.vanderbilt.edu/vanderbilt/8-77|../vanderbilt/8-70|../buttons/main-previous.png|http://vanderbilt.edu/trees/|../contact/vanderbilt-logo.png|http://vanderbilt.edu/trees/tours/main-campus|../buttons/main-tour.png|../buttons/main-next.png
../vanderbilt/8-77|http://bioimages.vanderbilt.edu/vanderbilt/8-70|../vanderbilt/8-92|../buttons/main-previous.png|http://vanderbilt.edu/trees/|../contact/vanderbilt-logo.png|http://vanderbilt.edu/trees/tours/main-campus|../buttons/main-tour.png|../buttons/main-next.png
../vanderbilt/8-70|http://bioimages.vanderbilt.edu/vanderbilt/8-92|../vanderbilt/8-103|../buttons/main-previous.png|http://vanderbilt.edu/trees/|../contact/vanderbilt-logo.png|http://vanderbilt.edu/trees/tours/main-campus|../buttons/main-tour.png|../buttons/main-next.png
../vanderbilt/8-92|http://bioimages.vanderbilt.edu/vanderbilt/8-103|../vanderbilt/5-72|../buttons/main-previous.png|http://vanderbilt.edu/trees/|../contact/vanderbilt-logo.png|http://vanderbilt.edu/trees/tours/main-campus|../buttons/main-tour.png|../buttons/main-next.png
../vanderbilt/8-103|http://bioimages.vanderbilt.edu/vanderbilt/5-72|../vanderbilt/5-64|../buttons/main-previous.png|http://vanderbilt.edu/trees/|../contact/vanderbilt-logo.png|http://vanderbilt.edu/trees/tours/main-campus|../buttons/main-tour.png|../buttons/main-next.png
../vanderbilt/5-72|http://bioimages.vanderbilt.edu/vanderbilt/5-64|../vanderbilt/5-81|../buttons/main-previous.png|http://vanderbilt.edu/trees/|../contact/vanderbilt-logo.png|http://vanderbilt.edu/trees/tours/main-campus|../buttons/main-tour.png|../buttons/main-next.png
../vanderbilt/5-64|http://bioimages.vanderbilt.edu/vanderbilt/5-81|../vanderbilt/3-90|../buttons/main-previous.png|http://vanderbilt.edu/trees/|../contact/vanderbilt-logo.png|http://vanderbilt.edu/trees/tours/main-campus|../buttons/main-tour.png|../buttons/main-next.png
../vanderbilt/5-81|http://bioimages.vanderbilt.edu/vanderbilt/3-90|../vanderbilt/2-43|../buttons/main-previous.png|http://vanderbilt.edu/trees/|../contact/vanderbilt-logo.png|http://vanderbilt.edu/trees/tours/main-campus|../buttons/main-tour.png|../buttons/main-next.png
../vanderbilt/3-90|http://bioimages.vanderbilt.edu/vanderbilt/2-43|../vanderbilt/2-40|../buttons/main-previous.png|http://vanderbilt.edu/trees/|../contact/vanderbilt-logo.png|http://vanderbilt.edu/trees/tours/main-campus|../buttons/main-tour.png|../buttons/main-next.png
../vanderbilt/2-43|http://bioimages.vanderbilt.edu/vanderbilt/2-40|../vanderbilt/1-185|../buttons/main-previous.png|http://vanderbilt.edu/trees/|../contact/vanderbilt-logo.png|http://vanderbilt.edu/trees/tours/main-campus|../buttons/main-tour.png|../buttons/main-next.png
../vanderbilt/2-40|http://bioimages.vanderbilt.edu/vanderbilt/1-185|../vanderbilt/3-4|../buttons/main-previous.png|http://vanderbilt.edu/trees/|../contact/vanderbilt-logo.png|http://vanderbilt.edu/trees/tours/main-campus|../buttons/main-tour.png|../buttons/main-next.png
../vanderbilt/1-185|http://bioimages.vanderbilt.edu/vanderbilt/3-4|../vanderbilt/1-166|../buttons/main-previous.png|http://vanderbilt.edu/trees/|../contact/vanderbilt-logo.png|http://vanderbilt.edu/trees/tours/main-campus|../buttons/main-tour.png|../buttons/main-next.png
../vanderbilt/3-4|http://bioimages.vanderbilt.edu/vanderbilt/1-166|../vanderbilt/4-214|../buttons/main-previous.png|http://vanderbilt.edu/trees/|../contact/vanderbilt-logo.png|http://vanderbilt.edu/trees/tours/main-campus|../buttons/main-tour.png|../buttons/main-next.png
../vanderbilt/1-166|http://bioimages.vanderbilt.edu/vanderbilt/4-214|../vanderbilt/4-216|../buttons/main-previous.png|http://vanderbilt.edu/trees/|../contact/vanderbilt-logo.png|http://vanderbilt.edu/trees/tours/main-campus|../buttons/main-tour.png|../buttons/main-next.png
../vanderbilt/4-214|http://bioimages.vanderbilt.edu/vanderbilt/4-216|../vanderbilt/4-163|../buttons/main-previous.png|http://vanderbilt.edu/trees/|../contact/vanderbilt-logo.png|http://vanderbilt.edu/trees/tours/main-campus|../buttons/main-tour.png|../buttons/main-next.png
../vanderbilt/4-216|http://bioimages.vanderbilt.edu/vanderbilt/4-163|../ind-baskauf/91069|../buttons/main-previous.png|http://vanderbilt.edu/trees/|../contact/vanderbilt-logo.png|http://vanderbilt.edu/trees/tours/main-campus|../buttons/main-tour.png|../buttons/main-next.png
../vanderbilt/4-163|http://bioimages.vanderbilt.edu/ind-baskauf/91069|../vanderbilt/6-161|../buttons/main-previous.png|http://vanderbilt.edu/trees/|../contact/vanderbilt-logo.png|http://vanderbilt.edu/trees/tours/main-campus|../buttons/main-tour.png|../buttons/main-next.png
../ind-baskauf/91069|http://bioimages.vanderbilt.edu/vanderbilt/6-161|../vanderbilt/6-238|../buttons/main-previous.png|http://vanderbilt.edu/trees/|../contact/vanderbilt-logo.png|http://vanderbilt.edu/trees/tours/main-campus|../buttons/main-tour.png|../buttons/main-next.png
../vanderbilt/6-161|http://bioimages.vanderbilt.edu/vanderbilt/6-238|../vanderbilt/6-239|../buttons/main-previous.png|http://vanderbilt.edu/trees/|../contact/vanderbilt-logo.png|http://vanderbilt.edu/trees/tours/main-campus|../buttons/main-tour.png|../buttons/main-next.png
../vanderbilt/6-238|http://bioimages.vanderbilt.edu/vanderbilt/6-239|../vanderbilt/6-153|../buttons/main-previous.png|http://vanderbilt.edu/trees/|../contact/vanderbilt-logo.png|http://vanderbilt.edu/trees/tours/main-campus|../buttons/main-tour.png|../buttons/main-next.png
../vanderbilt/6-239|http://bioimages.vanderbilt.edu/vanderbilt/6-153|../vanderbilt/7-324|../buttons/main-previous.png|http://vanderbilt.edu/trees/|../contact/vanderbilt-logo.png|http://vanderbilt.edu/trees/tours/main-campus|../buttons/main-tour.png|../buttons/main-next.png
../vanderbilt/6-153|http://bioimages.vanderbilt.edu/vanderbilt/7-324|../vanderbilt/6-167|../buttons/main-previous.png|http://vanderbilt.edu/trees/|../contact/vanderbilt-logo.png|http://vanderbilt.edu/trees/tours/main-campus|../buttons/main-tour.png|../buttons/main-next.png
../vanderbilt/7-324|http://bioimages.vanderbilt.edu/vanderbilt/6-167|../vanderbilt/6-143|../buttons/main-previous.png|http://vanderbilt.edu/trees/|../contact/vanderbilt-logo.png|http://vanderbilt.edu/trees/tours/main-campus|../buttons/main-tour.png|../buttons/main-next.png
../vanderbilt/6-167|http://bioimages.vanderbilt.edu/vanderbilt/6-143|../vanderbilt/6-139|../buttons/main-previous.png|http://vanderbilt.edu/trees/|../contact/vanderbilt-logo.png|http://vanderbilt.edu/trees/tours/main-campus|../buttons/main-tour.png|../buttons/main-next.png
../vanderbilt/6-143|http://bioimages.vanderbilt.edu/vanderbilt/6-139|../vanderbilt/6-145|../buttons/main-previous.png|http://vanderbilt.edu/trees/|../contact/vanderbilt-logo.png|http://vanderbilt.edu/trees/tours/main-campus|../buttons/main-tour.png|../buttons/main-next.png
../vanderbilt/6-139|http://bioimages.vanderbilt.edu/vanderbilt/6-145|../vanderbilt/6-189|../buttons/main-previous.png|http://vanderbilt.edu/trees/|../contact/vanderbilt-logo.png|http://vanderbilt.edu/trees/tours/main-campus|../buttons/main-tour.png|../buttons/main-next.png
../vanderbilt/6-145|http://bioimages.vanderbilt.edu/vanderbilt/6-189|../vanderbilt/6-208|../buttons/main-previous.png|http://vanderbilt.edu/trees/|../contact/vanderbilt-logo.png|http://vanderbilt.edu/trees/tours/main-campus|../buttons/main-tour.png|../buttons/main-next.png
../vanderbilt/6-189|http://bioimages.vanderbilt.edu/vanderbilt/6-208|../vanderbilt/6-215|../buttons/main-previous.png|http://vanderbilt.edu/trees/|../contact/vanderbilt-logo.png|http://vanderbilt.edu/trees/tours/main-campus|../buttons/main-tour.png|../buttons/main-next.png
../vanderbilt/6-208|http://bioimages.vanderbilt.edu/vanderbilt/6-215|../vanderbilt/6-193|../buttons/main-previous.png|http://vanderbilt.edu/trees/|../contact/vanderbilt-logo.png|http://vanderbilt.edu/trees/tours/main-campus|../buttons/main-tour.png|../buttons/main-next.png
../vanderbilt/6-215|http://bioimages.vanderbilt.edu/vanderbilt/6-193|../vanderbilt/6-17|../buttons/main-previous.png|http://vanderbilt.edu/trees/|../contact/vanderbilt-logo.png|http://vanderbilt.edu/trees/tours/main-campus|../buttons/main-tour.png|../buttons/main-next.png
../vanderbilt/6-193|http://bioimages.vanderbilt.edu/vanderbilt/6-17||../buttons/main-previous.png|http://vanderbilt.edu/trees/|../contact/vanderbilt-logo.png|http://vanderbilt.edu/trees/tours/main-campus|../buttons/main-tour.png|../buttons/main-next.png
|http://bioimages.vanderbilt.edu/vanderbilt/6-193|../vanderbilt/6-188|../buttons/giant-previous.png|http://vanderbilt.edu/trees/|../contact/vanderbilt-logo.png|http://vanderbilt.edu/trees/tours/giants|../buttons/giant-tour.png|../buttons/giant-next.png
../vanderbilt/6-193|http://bioimages.vanderbilt.edu/vanderbilt/6-188|../vanderbilt/6-172|../buttons/giant-previous.png|http://vanderbilt.edu/trees/|../contact/vanderbilt-logo.png|http://vanderbilt.edu/trees/tours/giants|../buttons/giant-tour.png|../buttons/giant-next.png
../vanderbilt/6-188|http://bioimages.vanderbilt.edu/vanderbilt/6-172|../vanderbilt/6-159|../buttons/giant-previous.png|http://vanderbilt.edu/trees/|../contact/vanderbilt-logo.png|http://vanderbilt.edu/trees/tours/giants|../buttons/giant-tour.png|../buttons/giant-next.png
../vanderbilt/6-172|http://bioimages.vanderbilt.edu/vanderbilt/6-159|../vanderbilt/7-29|../buttons/giant-previous.png|http://vanderbilt.edu/trees/|../contact/vanderbilt-logo.png|http://vanderbilt.edu/trees/tours/giants|../buttons/giant-tour.png|../buttons/giant-next.png
../vanderbilt/6-159|http://bioimages.vanderbilt.edu/vanderbilt/7-29|../vanderbilt/7-5|../buttons/giant-previous.png|http://vanderbilt.edu/trees/|../contact/vanderbilt-logo.png|http://vanderbilt.edu/trees/tours/giants|../buttons/giant-tour.png|../buttons/giant-next.png
../vanderbilt/7-29|http://bioimages.vanderbilt.edu/vanderbilt/7-5|../vanderbilt/7-314|../buttons/giant-previous.png|http://vanderbilt.edu/trees/|../contact/vanderbilt-logo.png|http://vanderbilt.edu/trees/tours/giants|../buttons/giant-tour.png|../buttons/giant-next.png
../vanderbilt/7-5|http://bioimages.vanderbilt.edu/vanderbilt/7-314|../vanderbilt/7-313|../buttons/giant-previous.png|http://vanderbilt.edu/trees/|../contact/vanderbilt-logo.png|http://vanderbilt.edu/trees/tours/giants|../buttons/giant-tour.png|../buttons/giant-next.png
../vanderbilt/7-314|http://bioimages.vanderbilt.edu/vanderbilt/7-313|../vanderbilt/7-340|../buttons/giant-previous.png|http://vanderbilt.edu/trees/|../contact/vanderbilt-logo.png|http://vanderbilt.edu/trees/tours/giants|../buttons/giant-tour.png|../buttons/giant-next.png
../vanderbilt/7-313|http://bioimages.vanderbilt.edu/vanderbilt/7-340|../vanderbilt/4-162|../buttons/giant-previous.png|http://vanderbilt.edu/trees/|../contact/vanderbilt-logo.png|http://vanderbilt.edu/trees/tours/giants|../buttons/giant-tour.png|../buttons/giant-next.png
../vanderbilt/7-340|http://bioimages.vanderbilt.edu/vanderbilt/4-162|../vanderbilt/4-145|../buttons/giant-previous.png|http://vanderbilt.edu/trees/|../contact/vanderbilt-logo.png|http://vanderbilt.edu/trees/tours/giants|../buttons/giant-tour.png|../buttons/giant-next.png
../vanderbilt/4-162|http://bioimages.vanderbilt.edu/vanderbilt/4-145|../vanderbilt/4-216|../buttons/giant-previous.png|http://vanderbilt.edu/trees/|../contact/vanderbilt-logo.png|http://vanderbilt.edu/trees/tours/giants|../buttons/giant-tour.png|../buttons/giant-next.png
../vanderbilt/4-145|http://bioimages.vanderbilt.edu/vanderbilt/4-216|../vanderbilt/4-177|../buttons/giant-previous.png|http://vanderbilt.edu/trees/|../contact/vanderbilt-logo.png|http://vanderbilt.edu/trees/tours/giants|../buttons/giant-tour.png|../buttons/giant-next.png
../vanderbilt/4-216|http://bioimages.vanderbilt.edu/vanderbilt/4-177|../vanderbilt/3-164|../buttons/giant-previous.png|http://vanderbilt.edu/trees/|../contact/vanderbilt-logo.png|http://vanderbilt.edu/trees/tours/giants|../buttons/giant-tour.png|../buttons/giant-next.png
../vanderbilt/4-177|http://bioimages.vanderbilt.edu/vanderbilt/3-164|../vanderbilt/3-108|../buttons/giant-previous.png|http://vanderbilt.edu/trees/|../contact/vanderbilt-logo.png|http://vanderbilt.edu/trees/tours/giants|../buttons/giant-tour.png|../buttons/giant-next.png
../vanderbilt/3-164|http://bioimages.vanderbilt.edu/vanderbilt/3-108|../vanderbilt/2-43|../buttons/giant-previous.png|http://vanderbilt.edu/trees/|../contact/vanderbilt-logo.png|http://vanderbilt.edu/trees/tours/giants|../buttons/giant-tour.png|../buttons/giant-next.png
../vanderbilt/2-43|http://bioimages.vanderbilt.edu/vanderbilt/1-134|../vanderbilt/1-178|../buttons/giant-previous.png|http://vanderbilt.edu/trees/|../contact/vanderbilt-logo.png|http://vanderbilt.edu/trees/tours/giants|../buttons/giant-tour.png|../buttons/giant-next.png
../vanderbilt/3-108|http://bioimages.vanderbilt.edu/vanderbilt/2-43|../vanderbilt/1-134|../buttons/giant-previous.png|http://vanderbilt.edu/trees/|../contact/vanderbilt-logo.png|http://vanderbilt.edu/trees/tours/giants|../buttons/giant-tour.png|../buttons/giant-next.png
../vanderbilt/1-134|http://bioimages.vanderbilt.edu/vanderbilt/1-178|../vanderbilt/2-101|../buttons/giant-previous.png|http://vanderbilt.edu/trees/|../contact/vanderbilt-logo.png|http://vanderbilt.edu/trees/tours/giants|../buttons/giant-tour.png|../buttons/giant-next.png
../vanderbilt/1-178|http://bioimages.vanderbilt.edu/vanderbilt/2-101|../vanderbilt/5-76|../buttons/giant-previous.png|http://vanderbilt.edu/trees/|../contact/vanderbilt-logo.png|http://vanderbilt.edu/trees/tours/giants|../buttons/giant-tour.png|../buttons/giant-next.png
../vanderbilt/2-101|http://bioimages.vanderbilt.edu/vanderbilt/5-76|../vanderbilt/8-103|../buttons/giant-previous.png|http://vanderbilt.edu/trees/|../contact/vanderbilt-logo.png|http://vanderbilt.edu/trees/tours/giants|../buttons/giant-tour.png|../buttons/giant-next.png
../vanderbilt/5-76|http://bioimages.vanderbilt.edu/vanderbilt/8-103|../vanderbilt/8-77|../buttons/giant-previous.png|http://vanderbilt.edu/trees/|../contact/vanderbilt-logo.png|http://vanderbilt.edu/trees/tours/giants|../buttons/giant-tour.png|../buttons/giant-next.png
../vanderbilt/8-103|http://bioimages.vanderbilt.edu/vanderbilt/8-77|../vanderbilt/7-205|../buttons/giant-previous.png|http://vanderbilt.edu/trees/|../contact/vanderbilt-logo.png|http://vanderbilt.edu/trees/tours/giants|../buttons/giant-tour.png|../buttons/giant-next.png
../vanderbilt/8-77|http://bioimages.vanderbilt.edu/vanderbilt/7-205|../vanderbilt/7-225|../buttons/giant-previous.png|http://vanderbilt.edu/trees/|../contact/vanderbilt-logo.png|http://vanderbilt.edu/trees/tours/giants|../buttons/giant-tour.png|../buttons/giant-next.png
../vanderbilt/7-205|http://bioimages.vanderbilt.edu/vanderbilt/7-225|../vanderbilt/10-193|../buttons/giant-previous.png|http://vanderbilt.edu/trees/|../contact/vanderbilt-logo.png|http://vanderbilt.edu/trees/tours/giants|../buttons/giant-tour.png|../buttons/giant-next.png
../vanderbilt/7-225|http://bioimages.vanderbilt.edu/vanderbilt/10-193|../vanderbilt/11-210|../buttons/giant-previous.png|http://vanderbilt.edu/trees/|../contact/vanderbilt-logo.png|http://vanderbilt.edu/trees/tours/giants|../buttons/giant-tour.png|../buttons/giant-next.png
../vanderbilt/10-193|http://bioimages.vanderbilt.edu/vanderbilt/11-210|../vanderbilt/11-208|../buttons/giant-previous.png|http://vanderbilt.edu/trees/|../contact/vanderbilt-logo.png|http://vanderbilt.edu/trees/tours/giants|../buttons/giant-tour.png|../buttons/giant-next.png
../vanderbilt/11-210|http://bioimages.vanderbilt.edu/vanderbilt/11-208|../vanderbilt/11-221|../buttons/giant-previous.png|http://vanderbilt.edu/trees/|../contact/vanderbilt-logo.png|http://vanderbilt.edu/trees/tours/giants|../buttons/giant-tour.png|../buttons/giant-next.png
../vanderbilt/11-208|http://bioimages.vanderbilt.edu/vanderbilt/11-221|../vanderbilt/11-283|../buttons/giant-previous.png|http://vanderbilt.edu/trees/|../contact/vanderbilt-logo.png|http://vanderbilt.edu/trees/tours/giants|../buttons/giant-tour.png|../buttons/giant-next.png
../vanderbilt/11-221|http://bioimages.vanderbilt.edu/vanderbilt/11-283|../vanderbilt/6-86|../buttons/giant-previous.png|http://vanderbilt.edu/trees/|../contact/vanderbilt-logo.png|http://vanderbilt.edu/trees/tours/giants|../buttons/giant-tour.png|../buttons/giant-next.png
../vanderbilt/11-283|http://bioimages.vanderbilt.edu/vanderbilt/6-86|../vanderbilt/6-60|../buttons/giant-previous.png|http://vanderbilt.edu/trees/|../contact/vanderbilt-logo.png|http://vanderbilt.edu/trees/tours/giants|../buttons/giant-tour.png|../buttons/giant-next.png
../vanderbilt/6-86|http://bioimages.vanderbilt.edu/vanderbilt/6-60|../vanderbilt/12-191|../buttons/giant-previous.png|http://vanderbilt.edu/trees/|../contact/vanderbilt-logo.png|http://vanderbilt.edu/trees/tours/giants|../buttons/giant-tour.png|../buttons/giant-next.png
../vanderbilt/12-191|http://bioimages.vanderbilt.edu/vanderbilt/15-227|../vanderbilt/12-215|../buttons/giant-previous.png|http://vanderbilt.edu/trees/|../contact/vanderbilt-logo.png|http://vanderbilt.edu/trees/tours/giants|../buttons/giant-tour.png|../buttons/giant-next.png
../vanderbilt/6-60|http://bioimages.vanderbilt.edu/vanderbilt/12-191|../vanderbilt/15-227|../buttons/giant-previous.png|http://vanderbilt.edu/trees/|../contact/vanderbilt-logo.png|http://vanderbilt.edu/trees/tours/giants|../buttons/giant-tour.png|../buttons/giant-next.png
../vanderbilt/15-227|http://bioimages.vanderbilt.edu/vanderbilt/12-215|../vanderbilt/13-425|../buttons/giant-previous.png|http://vanderbilt.edu/trees/|../contact/vanderbilt-logo.png|http://vanderbilt.edu/trees/tours/giants|../buttons/giant-tour.png|../buttons/giant-next.png
../vanderbilt/12-215|http://bioimages.vanderbilt.edu/vanderbilt/13-425|../vanderbilt/13-427|../buttons/giant-previous.png|http://vanderbilt.edu/trees/|../contact/vanderbilt-logo.png|http://vanderbilt.edu/trees/tours/giants|../buttons/giant-tour.png|../buttons/giant-next.png
../vanderbilt/13-425|http://bioimages.vanderbilt.edu/vanderbilt/13-427||../buttons/giant-previous.png|http://vanderbilt.edu/trees/|../contact/vanderbilt-logo.png|http://vanderbilt.edu/trees/tours/giants|../buttons/giant-tour.png|../buttons/giant-next.png
|http://bioimages.vanderbilt.edu/mtsu/4|../mtsu/14|../buttons/peabody-previous.png|../mtsu.htm|../contact/mtsu-logo.png|../mtsu.htm|../buttons/mtsu-tour-1.png|../buttons/peabody-next.png
../mtsu/4|http://bioimages.vanderbilt.edu/mtsu/14|../mtsu/12|../buttons/peabody-previous.png|../mtsu.htm|../contact/mtsu-logo.png|../mtsu.htm|../buttons/mtsu-tour-1.png|../buttons/peabody-next.png
../mtsu/14|http://bioimages.vanderbilt.edu/mtsu/12|../mtsu/2|../buttons/peabody-previous.png|../mtsu.htm|../contact/mtsu-logo.png|../mtsu.htm|../buttons/mtsu-tour-1.png|../buttons/peabody-next.png
../mtsu/12|http://bioimages.vanderbilt.edu/mtsu/2|../mtsu/1|../buttons/peabody-previous.png|../mtsu.htm|../contact/mtsu-logo.png|../mtsu.htm|../buttons/mtsu-tour-1.png|../buttons/peabody-next.png
../mtsu/2|http://bioimages.vanderbilt.edu/mtsu/1|../mtsu/8|../buttons/peabody-previous.png|../mtsu.htm|../contact/mtsu-logo.png|../mtsu.htm|../buttons/mtsu-tour-1.png|../buttons/peabody-next.png
../mtsu/1|http://bioimages.vanderbilt.edu/mtsu/8|../mtsu/23|../buttons/peabody-previous.png|../mtsu.htm|../contact/mtsu-logo.png|../mtsu.htm|../buttons/mtsu-tour-1.png|../buttons/peabody-next.png
../mtsu/8|http://bioimages.vanderbilt.edu/mtsu/23||../buttons/peabody-previous.png|../mtsu.htm|../contact/mtsu-logo.png|../mtsu.htm|../buttons/mtsu-tour-1.png|../buttons/peabody-next.png
|http://bioimages.vanderbilt.edu/mtsu/31|../mtsu/19|../buttons/main-previous.png|../mtsu.htm|../contact/mtsu-logo.png|../mtsu.htm|../buttons/mtsu-tour-2.png|../buttons/main-next.png
../mtsu/31|http://bioimages.vanderbilt.edu/mtsu/19|../mtsu/17|../buttons/main-previous.png|../mtsu.htm|../contact/mtsu-logo.png|../mtsu.htm|../buttons/mtsu-tour-2.png|../buttons/main-next.png
../mtsu/19|http://bioimages.vanderbilt.edu/mtsu/17|../mtsu/15|../buttons/main-previous.png|../mtsu.htm|../contact/mtsu-logo.png|../mtsu.htm|../buttons/mtsu-tour-2.png|../buttons/main-next.png
../mtsu/17|http://bioimages.vanderbilt.edu/mtsu/15|../mtsu/22|../buttons/main-previous.png|../mtsu.htm|../contact/mtsu-logo.png|../mtsu.htm|../buttons/mtsu-tour-2.png|../buttons/main-next.png
../mtsu/15|http://bioimages.vanderbilt.edu/mtsu/22|../mtsu/5|../buttons/main-previous.png|../mtsu.htm|../contact/mtsu-logo.png|../mtsu.htm|../buttons/mtsu-tour-2.png|../buttons/main-next.png
../mtsu/22|http://bioimages.vanderbilt.edu/mtsu/5|../mtsu/11|../buttons/main-previous.png|../mtsu.htm|../contact/mtsu-logo.png|../mtsu.htm|../buttons/mtsu-tour-2.png|../buttons/main-next.png
../mtsu/5|http://bioimages.vanderbilt.edu/mtsu/11|../mtsu/16|../buttons/main-previous.png|../mtsu.htm|../contact/mtsu-logo.png|../mtsu.htm|../buttons/mtsu-tour-2.png|../buttons/main-next.png
../mtsu/11|http://bioimages.vanderbilt.edu/mtsu/16|../mtsu/30|../buttons/main-previous.png|../mtsu.htm|../contact/mtsu-logo.png|../mtsu.htm|../buttons/mtsu-tour-2.png|../buttons/main-next.png
../mtsu/16|http://bioimages.vanderbilt.edu/mtsu/30|../mtsu/7|../buttons/main-previous.png|../mtsu.htm|../contact/mtsu-logo.png|../mtsu.htm|../buttons/mtsu-tour-2.png|../buttons/main-next.png
../mtsu/30|http://bioimages.vanderbilt.edu/mtsu/7||../buttons/main-previous.png|../mtsu.htm|../contact/mtsu-logo.png|../mtsu.htm|../buttons/mtsu-tour-2.png|../buttons/main-next.png
|http://bioimages.vanderbilt.edu/mtsu/33|../mtsu/34|../buttons/giant-previous.png|../mtsu.htm|../contact/mtsu-logo.png|../mtsu.htm|../buttons/mtsu-tour-3.png|../buttons/giant-next.png
../mtsu/33|http://bioimages.vanderbilt.edu/mtsu/34|../mtsu/36|../buttons/giant-previous.png|../mtsu.htm|../contact/mtsu-logo.png|../mtsu.htm|../buttons/mtsu-tour-3.png|../buttons/giant-next.png
../mtsu/34|http://bioimages.vanderbilt.edu/mtsu/36|../mtsu/3|../buttons/giant-previous.png|../mtsu.htm|../contact/mtsu-logo.png|../mtsu.htm|../buttons/mtsu-tour-3.png|../buttons/giant-next.png
../mtsu/36|http://bioimages.vanderbilt.edu/mtsu/3|../mtsu/18|../buttons/giant-previous.png|../mtsu.htm|../contact/mtsu-logo.png|../mtsu.htm|../buttons/mtsu-tour-3.png|../buttons/giant-next.png
../mtsu/3|http://bioimages.vanderbilt.edu/mtsu/18|../mtsu/35|../buttons/giant-previous.png|../mtsu.htm|../contact/mtsu-logo.png|../mtsu.htm|../buttons/mtsu-tour-3.png|../buttons/giant-next.png
../mtsu/18|http://bioimages.vanderbilt.edu/mtsu/35|../mtsu/25|../buttons/giant-previous.png|../mtsu.htm|../contact/mtsu-logo.png|../mtsu.htm|../buttons/mtsu-tour-3.png|../buttons/giant-next.png
../mtsu/35|http://bioimages.vanderbilt.edu/mtsu/25|../mtsu/20|../buttons/giant-previous.png|../mtsu.htm|../contact/mtsu-logo.png|../mtsu.htm|../buttons/mtsu-tour-3.png|../buttons/giant-next.png
../mtsu/25|http://bioimages.vanderbilt.edu/mtsu/20||../buttons/giant-previous.png|../mtsu.htm|../contact/mtsu-logo.png|../mtsu.htm|../buttons/mtsu-tour-3.png|../buttons/giant-next.png
